x_ChargeId,InvoiceIssuerName,ProviderName,BillingAccountId,SubAccountId,ChargePeriodStart,ChargePeriodEnd,ChargeCategory,ChargeDescription,ServiceName,ServiceCategory,ResourceId,BilledCost,ListCost,ContractedCost,Tags
focus-2026-01-ec2-engineering-0,AWS,AWS,123456789012,sub-engineering,2026-01-01,2026-01-31,Usage,"Amazon EC2 usage, 2026-01",Amazon EC2,Compute,arn:aws:ec2:ineering-0,2421.01,2848.25,2421.01,"{""department"": ""engineering""}"
focus-2026-01-ec2-engineering-1,AWS,AWS,123456789012,sub-engineering,2026-01-01,2026-01-31,Usage,"Amazon EC2 usage, 2026-01",Amazon EC2,Compute,arn:aws:ec2:ineering-1,3079.07,3622.44,3079.07,"{""department"": ""engineering""}"
focus-2026-01-ec2-engineering-2,AWS,AWS,123456789012,sub-engineering,2026-01-01,2026-01-31,Usage,"Amazon EC2 usage, 2026-01",Amazon EC2,Compute,arn:aws:ec2:ineering-2,4243.75,4992.65,4243.75,"{""department"": ""engineering""}"
focus-2026-01-ec2-data-platform-0,AWS,AWS,123456789012,sub-data-platform,2026-01-01,2026-01-31,Usage,"Amazon EC2 usage, 2026-01",Amazon EC2,Compute,arn:aws:ec2:platform-0,3628.53,4268.86,3628.53,"{""department"": ""data-platform""}"
focus-2026-01-ec2-data-platform-1,AWS,AWS,123456789012,sub-data-platform,2026-01-01,2026-01-31,Usage,"Amazon EC2 usage, 2026-01",Amazon EC2,Compute,arn:aws:ec2:platform-1,3137.32,3690.96,3137.32,"{""department"": ""data-platform""}"
focus-2026-01-ec2-data-platform-2,AWS,AWS,123456789012,sub-data-platform,2026-01-01,2026-01-31,Usage,"Amazon EC2 usage, 2026-01",Amazon EC2,Compute,arn:aws:ec2:platform-2,4423.99,5204.69,4423.99,"{""department"": ""data-platform""}"
focus-2026-01-ec2-marketing-0,AWS,AWS,123456789012,sub-marketing,2026-01-01,2026-01-31,Usage,"Amazon EC2 usage, 2026-01",Amazon EC2,Compute,arn:aws:ec2:arketing-0,3148.39,3703.99,3148.39,"{""department"": ""marketing""}"
focus-2026-01-ec2-marketing-1,AWS,AWS,123456789012,sub-marketing,2026-01-01,2026-01-31,Usage,"Amazon EC2 usage, 2026-01",Amazon EC2,Compute,arn:aws:ec2:arketing-1,698.33,821.56,698.33,"{""department"": ""marketing""}"
focus-2026-01-ec2-marketing-2,AWS,AWS,123456789012,sub-marketing,2026-01-01,2026-01-31,Usage,"Amazon EC2 usage, 2026-01",Amazon EC2,Compute,arn:aws:ec2:arketing-2,3480.61,4094.84,3480.61,"{""department"": ""marketing""}"
focus-2026-01-ec2-finance-it-0,AWS,AWS,123456789012,sub-finance-it,2026-01-01,2026-01-31,Usage,"Amazon EC2 usage, 2026-01",Amazon EC2,Compute,arn:aws:ec2:nance-it-0,1191.75,1402.06,1191.75,"{""department"": ""finance-it""}"
focus-2026-01-ec2-finance-it-1,AWS,AWS,123456789012,sub-finance-it,2026-01-01,2026-01-31,Usage,"Amazon EC2 usage, 2026-01",Amazon EC2,Compute,arn:aws:ec2:nance-it-1,3308.51,3892.36,3308.51,"{""department"": ""finance-it""}"
focus-2026-01-ec2-finance-it-2,AWS,AWS,123456789012,sub-finance-it,2026-01-01,2026-01-31,Usage,"Amazon EC2 usage, 2026-01",Amazon EC2,Compute,arn:aws:ec2:nance-it-2,2375.45,2794.65,2375.45,"{""department"": ""finance-it""}"
focus-2026-01-ec2-security-0,AWS,AWS,123456789012,sub-security,2026-01-01,2026-01-31,Usage,"Amazon EC2 usage, 2026-01",Amazon EC2,Compute,arn:aws:ec2:security-0,4144.44,4875.81,4144.44,"{""department"": ""security""}"
focus-2026-01-ec2-security-1,AWS,AWS,123456789012,sub-security,2026-01-01,2026-01-31,Usage,"Amazon EC2 usage, 2026-01",Amazon EC2,Compute,arn:aws:ec2:security-1,3634.41,4275.78,3634.41,"{""department"": ""security""}"
focus-2026-01-ec2-security-2,AWS,AWS,123456789012,sub-security,2026-01-01,2026-01-31,Usage,"Amazon EC2 usage, 2026-01",Amazon EC2,Compute,arn:aws:ec2:security-2,4196.95,4937.59,4196.95,"{""department"": ""security""}"
focus-2026-01-lambda-engineering-0,AWS,AWS,123456789012,sub-engineering,2026-01-01,2026-01-31,Usage,"AWS Lambda usage, 2026-01",AWS Lambda,Compute,arn:aws:lambda:ineering-0,163.2,192.0,163.2,"{""department"": ""engineering""}"
focus-2026-01-lambda-data-platform-0,AWS,AWS,123456789012,sub-data-platform,2026-01-01,2026-01-31,Usage,"AWS Lambda usage, 2026-01",AWS Lambda,Compute,arn:aws:lambda:platform-0,348.79,410.34,348.79,"{""department"": ""data-platform""}"
focus-2026-01-lambda-marketing-0,AWS,AWS,123456789012,sub-marketing,2026-01-01,2026-01-31,Usage,"AWS Lambda usage, 2026-01",AWS Lambda,Compute,arn:aws:lambda:arketing-0,114.67,134.91,114.67,"{""department"": ""marketing""}"
focus-2026-01-lambda-finance-it-0,AWS,AWS,123456789012,sub-finance-it,2026-01-01,2026-01-31,Usage,"AWS Lambda usage, 2026-01",AWS Lambda,Compute,arn:aws:lambda:nance-it-0,117.4,138.12,117.4,"{""department"": ""finance-it""}"
focus-2026-01-lambda-security-0,AWS,AWS,123456789012,sub-shared,2026-01-01,2026-01-31,Usage,"AWS Lambda usage, 2026-01 (untagged resource)",AWS Lambda,Compute,arn:aws:lambda:security-0,203.55,239.47,203.55,{}
focus-2026-01-eks-engineering-0,AWS,AWS,123456789012,sub-engineering,2026-01-01,2026-01-31,Usage,"Amazon EKS usage, 2026-01",Amazon EKS,Compute,arn:aws:eks:ineering-0,1776.04,2089.46,1776.04,"{""department"": ""engineering""}"
focus-2026-01-eks-data-platform-0,AWS,AWS,123456789012,sub-data-platform,2026-01-01,2026-01-31,Usage,"Amazon EKS usage, 2026-01",Amazon EKS,Compute,arn:aws:eks:platform-0,1116.77,1313.85,1116.77,"{""department"": ""data-platform""}"
focus-2026-01-eks-marketing-0,AWS,AWS,123456789012,sub-marketing,2026-01-01,2026-01-31,Usage,"Amazon EKS usage, 2026-01",Amazon EKS,Compute,arn:aws:eks:arketing-0,2226.76,2619.72,2226.76,"{""department"": ""marketing""}"
focus-2026-01-eks-finance-it-0,AWS,AWS,123456789012,sub-finance-it,2026-01-01,2026-01-31,Usage,"Amazon EKS usage, 2026-01",Amazon EKS,Compute,arn:aws:eks:nance-it-0,2200.01,2588.25,2200.01,"{""department"": ""finance-it""}"
focus-2026-01-eks-security-0,AWS,AWS,123456789012,sub-security,2026-01-01,2026-01-31,Usage,"Amazon EKS usage, 2026-01",Amazon EKS,Compute,arn:aws:eks:security-0,700.5,824.12,700.5,"{""department"": ""security""}"
focus-2026-01-s3-engineering-0,AWS,AWS,123456789012,sub-engineering,2026-01-01,2026-01-31,Usage,"Amazon S3 usage, 2026-01",Amazon S3,Storage,arn:aws:s3:ineering-0,909.47,1069.96,909.47,"{""department"": ""engineering""}"
focus-2026-01-s3-engineering-1,AWS,AWS,123456789012,sub-engineering,2026-01-01,2026-01-31,Usage,"Amazon S3 usage, 2026-01",Amazon S3,Storage,arn:aws:s3:ineering-1,558.36,656.89,558.36,"{""department"": ""engineering""}"
focus-2026-01-s3-data-platform-0,AWS,AWS,123456789012,sub-data-platform,2026-01-01,2026-01-31,Usage,"Amazon S3 usage, 2026-01",Amazon S3,Storage,arn:aws:s3:platform-0,1343.21,1580.25,1343.21,"{""department"": ""data-platform""}"
focus-2026-01-s3-data-platform-1,AWS,AWS,123456789012,sub-data-platform,2026-01-01,2026-01-31,Usage,"Amazon S3 usage, 2026-01",Amazon S3,Storage,arn:aws:s3:platform-1,1198.76,1410.31,1198.76,"{""department"": ""data-platform""}"
focus-2026-01-s3-marketing-0,AWS,AWS,123456789012,sub-marketing,2026-01-01,2026-01-31,Usage,"Amazon S3 usage, 2026-01",Amazon S3,Storage,arn:aws:s3:arketing-0,521.09,613.05,521.09,"{""department"": ""marketing""}"
focus-2026-01-s3-marketing-1,AWS,AWS,123456789012,sub-marketing,2026-01-01,2026-01-31,Usage,"Amazon S3 usage, 2026-01",Amazon S3,Storage,arn:aws:s3:arketing-1,323.91,381.07,323.91,"{""department"": ""marketing""}"
focus-2026-01-s3-finance-it-0,AWS,AWS,123456789012,sub-finance-it,2026-01-01,2026-01-31,Usage,"Amazon S3 usage, 2026-01",Amazon S3,Storage,arn:aws:s3:nance-it-0,853.08,1003.62,853.08,"{""department"": ""finance-it""}"
focus-2026-01-s3-finance-it-1,AWS,AWS,123456789012,sub-finance-it,2026-01-01,2026-01-31,Usage,"Amazon S3 usage, 2026-01",Amazon S3,Storage,arn:aws:s3:nance-it-1,1353.57,1592.44,1353.57,"{""department"": ""finance-it""}"
focus-2026-01-s3-security-0,AWS,AWS,123456789012,sub-security,2026-01-01,2026-01-31,Usage,"Amazon S3 usage, 2026-01",Amazon S3,Storage,arn:aws:s3:security-0,418.3,492.12,418.3,"{""department"": ""security""}"
focus-2026-01-s3-security-1,AWS,AWS,123456789012,sub-security,2026-01-01,2026-01-31,Usage,"Amazon S3 usage, 2026-01",Amazon S3,Storage,arn:aws:s3:security-1,160.85,189.24,160.85,"{""department"": ""security""}"
focus-2026-01-ebs-engineering-0,AWS,AWS,123456789012,sub-engineering,2026-01-01,2026-01-31,Usage,"Amazon EBS usage, 2026-01",Amazon EBS,Storage,arn:aws:ebs:ineering-0,647.87,762.2,647.87,"{""department"": ""engineering""}"
focus-2026-01-ebs-engineering-1,AWS,AWS,123456789012,sub-engineering,2026-01-01,2026-01-31,Usage,"Amazon EBS usage, 2026-01",Amazon EBS,Storage,arn:aws:ebs:ineering-1,886.49,1042.93,886.49,"{""department"": ""engineering""}"
focus-2026-01-ebs-data-platform-0,AWS,AWS,123456789012,sub-data-platform,2026-01-01,2026-01-31,Usage,"Amazon EBS usage, 2026-01",Amazon EBS,Storage,arn:aws:ebs:platform-0,753.12,886.02,753.12,"{""department"": ""data-platform""}"
focus-2026-01-ebs-data-platform-1,AWS,AWS,123456789012,sub-data-platform,2026-01-01,2026-01-31,Usage,"Amazon EBS usage, 2026-01",Amazon EBS,Storage,arn:aws:ebs:platform-1,863.25,1015.59,863.25,"{""department"": ""data-platform""}"
focus-2026-01-ebs-marketing-0,AWS,AWS,123456789012,sub-marketing,2026-01-01,2026-01-31,Usage,"Amazon EBS usage, 2026-01",Amazon EBS,Storage,arn:aws:ebs:arketing-0,515.97,607.02,515.97,"{""department"": ""marketing""}"
focus-2026-01-ebs-marketing-1,AWS,AWS,123456789012,sub-marketing,2026-01-01,2026-01-31,Usage,"Amazon EBS usage, 2026-01",Amazon EBS,Storage,arn:aws:ebs:arketing-1,719.96,847.01,719.96,"{""department"": ""marketing""}"
focus-2026-01-ebs-finance-it-0,AWS,AWS,123456789012,sub-finance-it,2026-01-01,2026-01-31,Usage,"Amazon EBS usage, 2026-01",Amazon EBS,Storage,arn:aws:ebs:nance-it-0,529.27,622.67,529.27,"{""department"": ""finance-it""}"
focus-2026-01-ebs-finance-it-1,AWS,AWS,123456789012,sub-finance-it,2026-01-01,2026-01-31,Usage,"Amazon EBS usage, 2026-01",Amazon EBS,Storage,arn:aws:ebs:nance-it-1,734.61,864.25,734.61,"{""department"": ""finance-it""}"
focus-2026-01-ebs-security-0,AWS,AWS,123456789012,sub-security,2026-01-01,2026-01-31,Usage,"Amazon EBS usage, 2026-01",Amazon EBS,Storage,arn:aws:ebs:security-0,772.3,908.59,772.3,"{""department"": ""security""}"
focus-2026-01-ebs-security-1,AWS,AWS,123456789012,sub-security,2026-01-01,2026-01-31,Usage,"Amazon EBS usage, 2026-01",Amazon EBS,Storage,arn:aws:ebs:security-1,479.9,564.59,479.9,"{""department"": ""security""}"
focus-2026-01-rds-engineering-0,AWS,AWS,123456789012,sub-engineering,2026-01-01,2026-01-31,Usage,"Amazon RDS usage, 2026-01",Amazon RDS,Databases,arn:aws:rds:ineering-0,1762.06,2073.01,1762.06,"{""department"": ""engineering""}"
focus-2026-01-rds-engineering-1,AWS,AWS,123456789012,sub-engineering,2026-01-01,2026-01-31,Usage,"Amazon RDS usage, 2026-01",Amazon RDS,Databases,arn:aws:rds:ineering-1,3429.42,4034.61,3429.42,"{""department"": ""engineering""}"
focus-2026-01-rds-data-platform-0,AWS,AWS,123456789012,sub-data-platform,2026-01-01,2026-01-31,Usage,"Amazon RDS usage, 2026-01",Amazon RDS,Databases,arn:aws:rds:platform-0,2089.64,2458.4,2089.64,"{""department"": ""data-platform""}"
focus-2026-01-rds-data-platform-1,AWS,AWS,123456789012,sub-data-platform,2026-01-01,2026-01-31,Usage,"Amazon RDS usage, 2026-01",Amazon RDS,Databases,arn:aws:rds:platform-1,2731.49,3213.52,2731.49,"{""department"": ""data-platform""}"
focus-2026-01-rds-marketing-0,AWS,AWS,123456789012,sub-marketing,2026-01-01,2026-01-31,Usage,"Amazon RDS usage, 2026-01",Amazon RDS,Databases,arn:aws:rds:arketing-0,1309.6,1540.71,1309.6,"{""department"": ""marketing""}"
focus-2026-01-rds-marketing-1,AWS,AWS,123456789012,sub-marketing,2026-01-01,2026-01-31,Usage,"Amazon RDS usage, 2026-01",Amazon RDS,Databases,arn:aws:rds:arketing-1,3291.86,3872.78,3291.86,"{""department"": ""marketing""}"
focus-2026-01-rds-finance-it-0,AWS,AWS,123456789012,sub-finance-it,2026-01-01,2026-01-31,Usage,"Amazon RDS usage, 2026-01",Amazon RDS,Databases,arn:aws:rds:nance-it-0,1329.75,1564.41,1329.75,"{""department"": ""finance-it""}"
focus-2026-01-rds-finance-it-1,AWS,AWS,123456789012,sub-finance-it,2026-01-01,2026-01-31,Usage,"Amazon RDS usage, 2026-01",Amazon RDS,Databases,arn:aws:rds:nance-it-1,3312.99,3897.64,3312.99,"{""department"": ""finance-it""}"
focus-2026-01-rds-security-0,AWS,AWS,123456789012,sub-security,2026-01-01,2026-01-31,Usage,"Amazon RDS usage, 2026-01",Amazon RDS,Databases,arn:aws:rds:security-0,829.2,975.53,829.2,"{""department"": ""security""}"
focus-2026-01-rds-security-1,AWS,AWS,123456789012,sub-shared,2026-01-01,2026-01-31,Usage,"Amazon RDS usage, 2026-01 (untagged resource)",Amazon RDS,Databases,arn:aws:rds:security-1,1741.92,2049.32,1741.92,{}
focus-2026-01-redshift-engineering-0,AWS,AWS,123456789012,sub-engineering,2026-01-01,2026-01-31,Usage,"Amazon Redshift usage, 2026-01",Amazon Redshift,Analytics,arn:aws:redshift:ineering-0,4288.59,5045.4,4288.59,"{""department"": ""engineering""}"
focus-2026-01-redshift-data-platform-0,AWS,AWS,123456789012,sub-data-platform,2026-01-01,2026-01-31,Usage,"Amazon Redshift usage, 2026-01",Amazon Redshift,Analytics,arn:aws:redshift:platform-0,3962.72,4662.02,3962.72,"{""department"": ""data-platform""}"
focus-2026-01-redshift-marketing-0,AWS,AWS,123456789012,sub-marketing,2026-01-01,2026-01-31,Usage,"Amazon Redshift usage, 2026-01",Amazon Redshift,Analytics,arn:aws:redshift:arketing-0,2137.52,2514.73,2137.52,"{""department"": ""marketing""}"
focus-2026-01-redshift-finance-it-0,AWS,AWS,123456789012,sub-finance-it,2026-01-01,2026-01-31,Usage,"Amazon Redshift usage, 2026-01",Amazon Redshift,Analytics,arn:aws:redshift:nance-it-0,1168.83,1375.09,1168.83,"{""department"": ""finance-it""}"
focus-2026-01-redshift-security-0,AWS,AWS,123456789012,sub-security,2026-01-01,2026-01-31,Usage,"Amazon Redshift usage, 2026-01",Amazon Redshift,Analytics,arn:aws:redshift:security-0,1696.44,1995.81,1696.44,"{""department"": ""security""}"
focus-2026-01-cloudfront-engineering-0,AWS,AWS,123456789012,sub-engineering,2026-01-01,2026-01-31,Usage,"Amazon CloudFront usage, 2026-01",Amazon CloudFront,Networking,arn:aws:cloudfront:ineering-0,288.64,339.58,288.64,"{""department"": ""engineering""}"
focus-2026-01-cloudfront-data-platform-0,AWS,AWS,123456789012,sub-data-platform,2026-01-01,2026-01-31,Usage,"Amazon CloudFront usage, 2026-01",Amazon CloudFront,Networking,arn:aws:cloudfront:platform-0,317.37,373.38,317.37,"{""department"": ""data-platform""}"
focus-2026-01-cloudfront-marketing-0,AWS,AWS,123456789012,sub-marketing,2026-01-01,2026-01-31,Usage,"Amazon CloudFront usage, 2026-01",Amazon CloudFront,Networking,arn:aws:cloudfront:arketing-0,663.32,780.38,663.32,"{""department"": ""marketing""}"
focus-2026-01-cloudfront-finance-it-0,AWS,AWS,123456789012,sub-finance-it,2026-01-01,2026-01-31,Usage,"Amazon CloudFront usage, 2026-01",Amazon CloudFront,Networking,arn:aws:cloudfront:nance-it-0,298.81,351.54,298.81,"{""department"": ""finance-it""}"
focus-2026-01-cloudfront-security-0,AWS,AWS,123456789012,sub-shared,2026-01-01,2026-01-31,Usage,"Amazon CloudFront usage, 2026-01 (untagged resource)",Amazon CloudFront,Networking,arn:aws:cloudfront:security-0,396.12,466.02,396.12,{}
focus-2026-01-datadog,AWS,Datadog,123456789012,sub-engineering,2026-01-01,2026-01-31,Usage,"Datadog Pro via AWS Marketplace, 2026-01",Datadog Pro,Marketplace Software,arn:aws:pro:01-datadog,2380.97,2380.97,2380.97,"{""department"": ""engineering""}"
focus-2026-01-snowflake,AWS,Snowflake,123456789012,sub-engineering,2026-01-01,2026-01-31,Usage,"Snowflake Capacity via AWS Marketplace, 2026-01",Snowflake Capacity,Marketplace Software,arn:aws:capacity:-snowflake,1685.81,1685.81,1685.81,"{""department"": ""engineering""}"
focus-2026-01-pagerduty,AWS,PagerDuty,123456789012,sub-engineering,2026-01-01,2026-01-31,Usage,"PagerDuty via AWS Marketplace, 2026-01",PagerDuty,Marketplace Software,arn:aws:pagerduty:-pagerduty,2123.16,2123.16,2123.16,"{""department"": ""engineering""}"
focus-2026-02-ec2-engineering-0,AWS,AWS,123456789012,sub-engineering,2026-02-01,2026-02-28,Usage,"Amazon EC2 usage, 2026-02",Amazon EC2,Compute,arn:aws:ec2:ineering-0,1536.47,1807.61,1536.47,"{""department"": ""engineering""}"
focus-2026-02-ec2-engineering-1,AWS,AWS,123456789012,sub-engineering,2026-02-01,2026-02-28,Usage,"Amazon EC2 usage, 2026-02",Amazon EC2,Compute,arn:aws:ec2:ineering-1,1773.26,2086.19,1773.26,"{""department"": ""engineering""}"
focus-2026-02-ec2-engineering-2,AWS,AWS,123456789012,sub-engineering,2026-02-01,2026-02-28,Usage,"Amazon EC2 usage, 2026-02",Amazon EC2,Compute,arn:aws:ec2:ineering-2,4635.48,5453.51,4635.48,"{""department"": ""engineering""}"
focus-2026-02-ec2-data-platform-0,AWS,AWS,123456789012,sub-data-platform,2026-02-01,2026-02-28,Usage,"Amazon EC2 usage, 2026-02",Amazon EC2,Compute,arn:aws:ec2:platform-0,434.6,511.29,434.6,"{""department"": ""data-platform""}"
focus-2026-02-ec2-data-platform-1,AWS,AWS,123456789012,sub-data-platform,2026-02-01,2026-02-28,Usage,"Amazon EC2 usage, 2026-02",Amazon EC2,Compute,arn:aws:ec2:platform-1,1404.49,1652.34,1404.49,"{""department"": ""data-platform""}"
focus-2026-02-ec2-data-platform-2,AWS,AWS,123456789012,sub-data-platform,2026-02-01,2026-02-28,Usage,"Amazon EC2 usage, 2026-02",Amazon EC2,Compute,arn:aws:ec2:platform-2,3644.48,4287.62,3644.48,"{""department"": ""data-platform""}"
focus-2026-02-ec2-marketing-0,AWS,AWS,123456789012,sub-marketing,2026-02-01,2026-02-28,Usage,"Amazon EC2 usage, 2026-02",Amazon EC2,Compute,arn:aws:ec2:arketing-0,2496.86,2937.48,2496.86,"{""department"": ""marketing""}"
focus-2026-02-ec2-marketing-1,AWS,AWS,123456789012,sub-marketing,2026-02-01,2026-02-28,Usage,"Amazon EC2 usage, 2026-02",Amazon EC2,Compute,arn:aws:ec2:arketing-1,4188.27,4927.38,4188.27,"{""department"": ""marketing""}"
focus-2026-02-ec2-marketing-2,AWS,AWS,123456789012,sub-marketing,2026-02-01,2026-02-28,Usage,"Amazon EC2 usage, 2026-02",Amazon EC2,Compute,arn:aws:ec2:arketing-2,2605.13,3064.86,2605.13,"{""department"": ""marketing""}"
focus-2026-02-ec2-finance-it-0,AWS,AWS,123456789012,sub-finance-it,2026-02-01,2026-02-28,Usage,"Amazon EC2 usage, 2026-02",Amazon EC2,Compute,arn:aws:ec2:nance-it-0,3450.25,4059.12,3450.25,"{""department"": ""finance-it""}"
focus-2026-02-ec2-finance-it-1,AWS,AWS,123456789012,sub-finance-it,2026-02-01,2026-02-28,Usage,"Amazon EC2 usage, 2026-02",Amazon EC2,Compute,arn:aws:ec2:nance-it-1,4590.22,5400.26,4590.22,"{""department"": ""finance-it""}"
focus-2026-02-ec2-finance-it-2,AWS,AWS,123456789012,sub-finance-it,2026-02-01,2026-02-28,Usage,"Amazon EC2 usage, 2026-02",Amazon EC2,Compute,arn:aws:ec2:nance-it-2,4495.24,5288.52,4495.24,"{""department"": ""finance-it""}"
focus-2026-02-ec2-security-0,AWS,AWS,123456789012,sub-security,2026-02-01,2026-02-28,Usage,"Amazon EC2 usage, 2026-02",Amazon EC2,Compute,arn:aws:ec2:security-0,3935.03,4629.45,3935.03,"{""department"": ""security""}"
focus-2026-02-ec2-security-1,AWS,AWS,123456789012,sub-security,2026-02-01,2026-02-28,Usage,"Amazon EC2 usage, 2026-02",Amazon EC2,Compute,arn:aws:ec2:security-1,4316.39,5078.11,4316.39,"{""department"": ""security""}"
focus-2026-02-ec2-security-2,AWS,AWS,123456789012,sub-security,2026-02-01,2026-02-28,Usage,"Amazon EC2 usage, 2026-02",Amazon EC2,Compute,arn:aws:ec2:security-2,2737.82,3220.96,2737.82,"{""department"": ""security""}"
focus-2026-02-lambda-engineering-0,AWS,AWS,123456789012,sub-engineering,2026-02-01,2026-02-28,Usage,"AWS Lambda usage, 2026-02",AWS Lambda,Compute,arn:aws:lambda:ineering-0,183.67,216.08,183.67,"{""department"": ""engineering""}"
focus-2026-02-lambda-data-platform-0,AWS,AWS,123456789012,sub-data-platform,2026-02-01,2026-02-28,Usage,"AWS Lambda usage, 2026-02",AWS Lambda,Compute,arn:aws:lambda:platform-0,142.1,167.18,142.1,"{""department"": ""data-platform""}"
focus-2026-02-lambda-marketing-0,AWS,AWS,123456789012,sub-marketing,2026-02-01,2026-02-28,Usage,"AWS Lambda usage, 2026-02",AWS Lambda,Compute,arn:aws:lambda:arketing-0,51.47,60.55,51.47,"{""department"": ""marketing""}"
focus-2026-02-lambda-finance-it-0,AWS,AWS,123456789012,sub-finance-it,2026-02-01,2026-02-28,Usage,"AWS Lambda usage, 2026-02",AWS Lambda,Compute,arn:aws:lambda:nance-it-0,51.16,60.19,51.16,"{""department"": ""finance-it""}"
focus-2026-02-lambda-security-0,AWS,AWS,123456789012,sub-security,2026-02-01,2026-02-28,Usage,"AWS Lambda usage, 2026-02",AWS Lambda,Compute,arn:aws:lambda:security-0,119.36,140.42,119.36,"{""department"": ""security""}"
focus-2026-02-eks-engineering-0,AWS,AWS,123456789012,sub-engineering,2026-02-01,2026-02-28,Usage,"Amazon EKS usage, 2026-02",Amazon EKS,Compute,arn:aws:eks:ineering-0,2057.57,2420.67,2057.57,"{""department"": ""engineering""}"
focus-2026-02-eks-data-platform-0,AWS,AWS,123456789012,sub-data-platform,2026-02-01,2026-02-28,Usage,"Amazon EKS usage, 2026-02",Amazon EKS,Compute,arn:aws:eks:platform-0,897.22,1055.55,897.22,"{""department"": ""data-platform""}"
focus-2026-02-eks-marketing-0,AWS,AWS,123456789012,sub-marketing,2026-02-01,2026-02-28,Usage,"Amazon EKS usage, 2026-02",Amazon EKS,Compute,arn:aws:eks:arketing-0,957.89,1126.93,957.89,"{""department"": ""marketing""}"
focus-2026-02-eks-finance-it-0,AWS,AWS,123456789012,sub-finance-it,2026-02-01,2026-02-28,Usage,"Amazon EKS usage, 2026-02",Amazon EKS,Compute,arn:aws:eks:nance-it-0,2238.09,2633.05,2238.09,"{""department"": ""finance-it""}"
focus-2026-02-eks-security-0,AWS,AWS,123456789012,sub-security,2026-02-01,2026-02-28,Usage,"Amazon EKS usage, 2026-02",Amazon EKS,Compute,arn:aws:eks:security-0,930.19,1094.34,930.19,"{""department"": ""security""}"
focus-2026-02-s3-engineering-0,AWS,AWS,123456789012,sub-engineering,2026-02-01,2026-02-28,Usage,"Amazon S3 usage, 2026-02",Amazon S3,Storage,arn:aws:s3:ineering-0,887.08,1043.62,887.08,"{""department"": ""engineering""}"
focus-2026-02-s3-engineering-1,AWS,AWS,123456789012,sub-engineering,2026-02-01,2026-02-28,Usage,"Amazon S3 usage, 2026-02",Amazon S3,Storage,arn:aws:s3:ineering-1,460.69,541.99,460.69,"{""department"": ""engineering""}"
focus-2026-02-s3-data-platform-0,AWS,AWS,123456789012,sub-data-platform,2026-02-01,2026-02-28,Usage,"Amazon S3 usage, 2026-02",Amazon S3,Storage,arn:aws:s3:platform-0,530.24,623.81,530.24,"{""department"": ""data-platform""}"
focus-2026-02-s3-data-platform-1,AWS,AWS,123456789012,sub-data-platform,2026-02-01,2026-02-28,Usage,"Amazon S3 usage, 2026-02",Amazon S3,Storage,arn:aws:s3:platform-1,864.53,1017.09,864.53,"{""department"": ""data-platform""}"
focus-2026-02-s3-marketing-0,AWS,AWS,123456789012,sub-marketing,2026-02-01,2026-02-28,Usage,"Amazon S3 usage, 2026-02",Amazon S3,Storage,arn:aws:s3:arketing-0,725.52,853.55,725.52,"{""department"": ""marketing""}"
focus-2026-02-s3-marketing-1,AWS,AWS,123456789012,sub-marketing,2026-02-01,2026-02-28,Usage,"Amazon S3 usage, 2026-02",Amazon S3,Storage,arn:aws:s3:arketing-1,358.65,421.94,358.65,"{""department"": ""marketing""}"
focus-2026-02-s3-finance-it-0,AWS,AWS,123456789012,sub-finance-it,2026-02-01,2026-02-28,Usage,"Amazon S3 usage, 2026-02",Amazon S3,Storage,arn:aws:s3:nance-it-0,1079.5,1270.0,1079.5,"{""department"": ""finance-it""}"
focus-2026-02-s3-finance-it-1,AWS,AWS,123456789012,sub-finance-it,2026-02-01,2026-02-28,Usage,"Amazon S3 usage, 2026-02",Amazon S3,Storage,arn:aws:s3:nance-it-1,1246.3,1466.24,1246.3,"{""department"": ""finance-it""}"
focus-2026-02-s3-security-0,AWS,AWS,123456789012,sub-security,2026-02-01,2026-02-28,Usage,"Amazon S3 usage, 2026-02",Amazon S3,Storage,arn:aws:s3:security-0,1204.29,1416.81,1204.29,"{""department"": ""security""}"
focus-2026-02-s3-security-1,AWS,AWS,123456789012,sub-security,2026-02-01,2026-02-28,Usage,"Amazon S3 usage, 2026-02",Amazon S3,Storage,arn:aws:s3:security-1,1112.0,1308.24,1112.0,"{""department"": ""security""}"
focus-2026-02-ebs-engineering-0,AWS,AWS,123456789012,sub-engineering,2026-02-01,2026-02-28,Usage,"Amazon EBS usage, 2026-02",Amazon EBS,Storage,arn:aws:ebs:ineering-0,696.57,819.49,696.57,"{""department"": ""engineering""}"
focus-2026-02-ebs-engineering-1,AWS,AWS,123456789012,sub-engineering,2026-02-01,2026-02-28,Usage,"Amazon EBS usage, 2026-02",Amazon EBS,Storage,arn:aws:ebs:ineering-1,596.27,701.49,596.27,"{""department"": ""engineering""}"
focus-2026-02-ebs-data-platform-0,AWS,AWS,123456789012,sub-data-platform,2026-02-01,2026-02-28,Usage,"Amazon EBS usage, 2026-02",Amazon EBS,Storage,arn:aws:ebs:platform-0,470.67,553.73,470.67,"{""department"": ""data-platform""}"
focus-2026-02-ebs-data-platform-1,AWS,AWS,123456789012,sub-data-platform,2026-02-01,2026-02-28,Usage,"Amazon EBS usage, 2026-02",Amazon EBS,Storage,arn:aws:ebs:platform-1,530.85,624.53,530.85,"{""department"": ""data-platform""}"
focus-2026-02-ebs-marketing-0,AWS,AWS,123456789012,sub-marketing,2026-02-01,2026-02-28,Usage,"Amazon EBS usage, 2026-02",Amazon EBS,Storage,arn:aws:ebs:arketing-0,630.31,741.54,630.31,"{""department"": ""marketing""}"
focus-2026-02-ebs-marketing-1,AWS,AWS,123456789012,sub-marketing,2026-02-01,2026-02-28,Usage,"Amazon EBS usage, 2026-02",Amazon EBS,Storage,arn:aws:ebs:arketing-1,637.99,750.58,637.99,"{""department"": ""marketing""}"
focus-2026-02-ebs-finance-it-0,AWS,AWS,123456789012,sub-finance-it,2026-02-01,2026-02-28,Usage,"Amazon EBS usage, 2026-02 (billed at list)",Amazon EBS,Storage,arn:aws:ebs:nance-it-0,903.54,903.54,768.01,"{""department"": ""finance-it""}"
focus-2026-02-ebs-finance-it-1,AWS,AWS,123456789012,sub-finance-it,2026-02-01,2026-02-28,Usage,"Amazon EBS usage, 2026-02",Amazon EBS,Storage,arn:aws:ebs:nance-it-1,627.33,738.04,627.33,"{""department"": ""finance-it""}"
focus-2026-02-ebs-security-0,AWS,AWS,123456789012,sub-security,2026-02-01,2026-02-28,Usage,"Amazon EBS usage, 2026-02",Amazon EBS,Storage,arn:aws:ebs:security-0,243.7,286.71,243.7,"{""department"": ""security""}"
focus-2026-02-ebs-security-1,AWS,AWS,123456789012,sub-security,2026-02-01,2026-02-28,Usage,"Amazon EBS usage, 2026-02",Amazon EBS,Storage,arn:aws:ebs:security-1,521.79,613.87,521.79,"{""department"": ""security""}"
focus-2026-02-rds-engineering-0,AWS,AWS,123456789012,sub-engineering,2026-02-01,2026-02-28,Usage,"Amazon RDS usage, 2026-02",Amazon RDS,Databases,arn:aws:rds:ineering-0,2828.92,3328.14,2828.92,"{""department"": ""engineering""}"
focus-2026-02-rds-engineering-1,AWS,AWS,123456789012,sub-engineering,2026-02-01,2026-02-28,Usage,"Amazon RDS usage, 2026-02",Amazon RDS,Databases,arn:aws:rds:ineering-1,3815.44,4488.75,3815.44,"{""department"": ""engineering""}"
focus-2026-02-rds-data-platform-0,AWS,AWS,123456789012,sub-data-platform,2026-02-01,2026-02-28,Usage,"Amazon RDS usage, 2026-02",Amazon RDS,Databases,arn:aws:rds:platform-0,803.39,945.16,803.39,"{""department"": ""data-platform""}"
focus-2026-02-rds-data-platform-1,AWS,AWS,123456789012,sub-data-platform,2026-02-01,2026-02-28,Usage,"Amazon RDS usage, 2026-02",Amazon RDS,Databases,arn:aws:rds:platform-1,1724.31,2028.6,1724.31,"{""department"": ""data-platform""}"
focus-2026-02-rds-marketing-0,AWS,AWS,123456789012,sub-marketing,2026-02-01,2026-02-28,Usage,"Amazon RDS usage, 2026-02",Amazon RDS,Databases,arn:aws:rds:arketing-0,1331.7,1566.71,1331.7,"{""department"": ""marketing""}"
focus-2026-02-rds-marketing-1,AWS,AWS,123456789012,sub-marketing,2026-02-01,2026-02-28,Usage,"Amazon RDS usage, 2026-02",Amazon RDS,Databases,arn:aws:rds:arketing-1,3635.27,4276.79,3635.27,"{""department"": ""marketing""}"
focus-2026-02-rds-finance-it-0,AWS,AWS,123456789012,sub-finance-it,2026-02-01,2026-02-28,Usage,"Amazon RDS usage, 2026-02",Amazon RDS,Databases,arn:aws:rds:nance-it-0,1301.89,1531.64,1301.89,"{""department"": ""finance-it""}"
focus-2026-02-rds-finance-it-1,AWS,AWS,123456789012,sub-finance-it,2026-02-01,2026-02-28,Usage,"Amazon RDS usage, 2026-02",Amazon RDS,Databases,arn:aws:rds:nance-it-1,1757.65,2067.82,1757.65,"{""department"": ""finance-it""}"
focus-2026-02-rds-security-0,AWS,AWS,123456789012,sub-security,2026-02-01,2026-02-28,Usage,"Amazon RDS usage, 2026-02",Amazon RDS,Databases,arn:aws:rds:security-0,4002.99,4709.4,4002.99,"{""department"": ""security""}"
focus-2026-02-rds-security-1,AWS,AWS,123456789012,sub-security,2026-02-01,2026-02-28,Usage,"Amazon RDS usage, 2026-02",Amazon RDS,Databases,arn:aws:rds:security-1,4017.86,4726.89,4017.86,"{""department"": ""security""}"
focus-2026-02-redshift-engineering-0,AWS,AWS,123456789012,sub-engineering,2026-02-01,2026-02-28,Usage,"Amazon Redshift usage, 2026-02",Amazon Redshift,Analytics,arn:aws:redshift:ineering-0,2988.5,3515.88,2988.5,"{""department"": ""engineering""}"
focus-2026-02-redshift-data-platform-0,AWS,AWS,123456789012,sub-data-platform,2026-02-01,2026-02-28,Usage,"Amazon Redshift usage, 2026-02",Amazon Redshift,Analytics,arn:aws:redshift:platform-0,1455.11,1711.89,1455.11,"{""department"": ""data-platform""}"
focus-2026-02-redshift-marketing-0,AWS,AWS,123456789012,sub-marketing,2026-02-01,2026-02-28,Usage,"Amazon Redshift usage, 2026-02",Amazon Redshift,Analytics,arn:aws:redshift:arketing-0,4257.1,5008.35,4257.1,"{""department"": ""marketing""}"
focus-2026-02-redshift-finance-it-0,AWS,AWS,123456789012,sub-finance-it,2026-02-01,2026-02-28,Usage,"Amazon Redshift usage, 2026-02",Amazon Redshift,Analytics,arn:aws:redshift:nance-it-0,4777.56,5620.66,4777.56,"{""department"": ""finance-it""}"
focus-2026-02-redshift-security-0,AWS,AWS,123456789012,sub-security,2026-02-01,2026-02-28,Usage,"Amazon Redshift usage, 2026-02",Amazon Redshift,Analytics,arn:aws:redshift:security-0,1887.04,2220.05,1887.04,"{""department"": ""security""}"
focus-2026-02-cloudfront-engineering-0,AWS,AWS,123456789012,sub-engineering,2026-02-01,2026-02-28,Usage,"Amazon CloudFront usage, 2026-02",Amazon CloudFront,Networking,arn:aws:cloudfront:ineering-0,636.87,749.26,636.87,"{""department"": ""engineering""}"
focus-2026-02-cloudfront-data-platform-0,AWS,AWS,123456789012,sub-data-platform,2026-02-01,2026-02-28,Usage,"Amazon CloudFront usage, 2026-02",Amazon CloudFront,Networking,arn:aws:cloudfront:platform-0,429.92,505.79,429.92,"{""department"": ""data-platform""}"
focus-2026-02-cloudfront-marketing-0,AWS,AWS,123456789012,sub-marketing,2026-02-01,2026-02-28,Usage,"Amazon CloudFront usage, 2026-02",Amazon CloudFront,Networking,arn:aws:cloudfront:arketing-0,578.69,680.81,578.69,"{""department"": ""marketing""}"
focus-2026-02-cloudfront-finance-it-0,AWS,AWS,123456789012,sub-finance-it,2026-02-01,2026-02-28,Usage,"Amazon CloudFront usage, 2026-02",Amazon CloudFront,Networking,arn:aws:cloudfront:nance-it-0,290.8,342.12,290.8,"{""department"": ""finance-it""}"
focus-2026-02-cloudfront-security-0,AWS,AWS,123456789012,sub-security,2026-02-01,2026-02-28,Usage,"Amazon CloudFront usage, 2026-02",Amazon CloudFront,Networking,arn:aws:cloudfront:security-0,193.35,227.47,193.35,"{""department"": ""security""}"
focus-2026-02-datadog,AWS,Datadog,123456789012,sub-engineering,2026-02-01,2026-02-28,Usage,"Datadog Pro via AWS Marketplace, 2026-02",Datadog Pro,Marketplace Software,arn:aws:pro:02-datadog,1915.34,1915.34,1915.34,"{""department"": ""engineering""}"
focus-2026-02-snowflake,AWS,Snowflake,123456789012,sub-engineering,2026-02-01,2026-02-28,Usage,"Snowflake Capacity via AWS Marketplace, 2026-02",Snowflake Capacity,Marketplace Software,arn:aws:capacity:-snowflake,2590.46,2590.46,2590.46,"{""department"": ""engineering""}"
focus-2026-02-pagerduty,AWS,PagerDuty,123456789012,sub-engineering,2026-02-01,2026-02-28,Usage,"PagerDuty via AWS Marketplace, 2026-02",PagerDuty,Marketplace Software,arn:aws:pagerduty:-pagerduty,1826.82,1826.82,1826.82,"{""department"": ""engineering""}"
focus-2026-03-ec2-engineering-0,AWS,AWS,123456789012,sub-engineering,2026-03-01,2026-03-31,Usage,"Amazon EC2 usage, 2026-03",Amazon EC2,Compute,arn:aws:ec2:ineering-0,4309.14,5069.58,4309.14,"{""department"": ""engineering""}"
focus-2026-03-ec2-engineering-1,AWS,AWS,123456789012,sub-engineering,2026-03-01,2026-03-31,Usage,"Amazon EC2 usage, 2026-03",Amazon EC2,Compute,arn:aws:ec2:ineering-1,1673.0,1968.24,1673.0,"{""department"": ""engineering""}"
focus-2026-03-ec2-engineering-2,AWS,AWS,123456789012,sub-engineering,2026-03-01,2026-03-31,Usage,"Amazon EC2 usage, 2026-03",Amazon EC2,Compute,arn:aws:ec2:ineering-2,4371.99,5143.52,4371.99,"{""department"": ""engineering""}"
focus-2026-03-ec2-data-platform-0,AWS,AWS,123456789012,sub-data-platform,2026-03-01,2026-03-31,Usage,"Amazon EC2 usage, 2026-03",Amazon EC2,Compute,arn:aws:ec2:platform-0,2083.4,2451.06,2083.4,"{""department"": ""data-platform""}"
focus-2026-03-ec2-data-platform-1,AWS,AWS,123456789012,sub-data-platform,2026-03-01,2026-03-31,Usage,"Amazon EC2 usage, 2026-03",Amazon EC2,Compute,arn:aws:ec2:platform-1,3740.2,4400.24,3740.2,"{""department"": ""data-platform""}"
focus-2026-03-ec2-data-platform-2,AWS,AWS,123456789012,sub-data-platform,2026-03-01,2026-03-31,Usage,"Amazon EC2 usage, 2026-03",Amazon EC2,Compute,arn:aws:ec2:platform-2,847.54,997.11,847.54,"{""department"": ""data-platform""}"
focus-2026-03-ec2-marketing-0,AWS,AWS,123456789012,sub-marketing,2026-03-01,2026-03-31,Usage,"Amazon EC2 usage, 2026-03",Amazon EC2,Compute,arn:aws:ec2:arketing-0,2349.65,2764.29,2349.65,"{""department"": ""marketing""}"
focus-2026-03-ec2-marketing-1,AWS,AWS,123456789012,sub-marketing,2026-03-01,2026-03-31,Usage,"Amazon EC2 usage, 2026-03",Amazon EC2,Compute,arn:aws:ec2:arketing-1,1598.58,1880.68,1598.58,"{""department"": ""marketing""}"
focus-2026-03-ec2-marketing-2,AWS,AWS,123456789012,sub-marketing,2026-03-01,2026-03-31,Usage,"Amazon EC2 usage, 2026-03",Amazon EC2,Compute,arn:aws:ec2:arketing-2,4017.85,4726.88,4017.85,"{""department"": ""marketing""}"
focus-2026-03-ec2-finance-it-0,AWS,AWS,123456789012,sub-finance-it,2026-03-01,2026-03-31,Usage,"Amazon EC2 usage, 2026-03",Amazon EC2,Compute,arn:aws:ec2:nance-it-0,1787.87,2103.38,1787.87,"{""department"": ""finance-it""}"
focus-2026-03-ec2-finance-it-1,AWS,AWS,123456789012,sub-finance-it,2026-03-01,2026-03-31,Usage,"Amazon EC2 usage, 2026-03",Amazon EC2,Compute,arn:aws:ec2:nance-it-1,1587.28,1867.39,1587.28,"{""department"": ""finance-it""}"
focus-2026-03-ec2-finance-it-2,AWS,AWS,123456789012,sub-finance-it,2026-03-01,2026-03-31,Usage,"Amazon EC2 usage, 2026-03",Amazon EC2,Compute,arn:aws:ec2:nance-it-2,4437.83,5220.98,4437.83,"{""department"": ""finance-it""}"
focus-2026-03-ec2-security-0,AWS,AWS,123456789012,sub-security,2026-03-01,2026-03-31,Usage,"Amazon EC2 usage, 2026-03",Amazon EC2,Compute,arn:aws:ec2:security-0,2619.19,3081.4,2619.19,"{""department"": ""security""}"
focus-2026-03-ec2-security-1,AWS,AWS,123456789012,sub-security,2026-03-01,2026-03-31,Usage,"Amazon EC2 usage, 2026-03",Amazon EC2,Compute,arn:aws:ec2:security-1,2943.17,3462.55,2943.17,"{""department"": ""security""}"
focus-2026-03-ec2-security-2,AWS,AWS,123456789012,sub-security,2026-03-01,2026-03-31,Usage,"Amazon EC2 usage, 2026-03",Amazon EC2,Compute,arn:aws:ec2:security-2,3984.46,4687.6,3984.46,"{""department"": ""security""}"
focus-2026-03-lambda-engineering-0,AWS,AWS,123456789012,sub-engineering,2026-03-01,2026-03-31,Usage,"AWS Lambda usage, 2026-03",AWS Lambda,Compute,arn:aws:lambda:ineering-0,296.2,348.47,296.2,"{""department"": ""engineering""}"
focus-2026-03-lambda-data-platform-0,AWS,AWS,123456789012,sub-data-platform,2026-03-01,2026-03-31,Usage,"AWS Lambda usage, 2026-03",AWS Lambda,Compute,arn:aws:lambda:platform-0,266.61,313.66,266.61,"{""department"": ""data-platform""}"
focus-2026-03-lambda-marketing-0,AWS,AWS,123456789012,sub-marketing,2026-03-01,2026-03-31,Usage,"AWS Lambda usage, 2026-03",AWS Lambda,Compute,arn:aws:lambda:arketing-0,50.25,59.12,50.25,"{""department"": ""marketing""}"
focus-2026-03-lambda-finance-it-0,AWS,AWS,123456789012,sub-finance-it,2026-03-01,2026-03-31,Usage,"AWS Lambda usage, 2026-03",AWS Lambda,Compute,arn:aws:lambda:nance-it-0,155.82,183.32,155.82,"{""department"": ""finance-it""}"
focus-2026-03-lambda-security-0,AWS,AWS,123456789012,sub-security,2026-03-01,2026-03-31,Usage,"AWS Lambda usage, 2026-03",AWS Lambda,Compute,arn:aws:lambda:security-0,201.34,236.87,201.34,"{""department"": ""security""}"
focus-2026-03-eks-engineering-0,AWS,AWS,123456789012,sub-engineering,2026-03-01,2026-03-31,Usage,"Amazon EKS usage, 2026-03",Amazon EKS,Compute,arn:aws:eks:ineering-0,1975.72,2324.38,1975.72,"{""department"": ""engineering""}"
focus-2026-03-eks-data-platform-0,AWS,AWS,123456789012,sub-data-platform,2026-03-01,2026-03-31,Usage,"Amazon EKS usage, 2026-03",Amazon EKS,Compute,arn:aws:eks:platform-0,1582.53,1861.8,1582.53,"{""department"": ""data-platform""}"
focus-2026-03-eks-marketing-0,AWS,AWS,123456789012,sub-marketing,2026-03-01,2026-03-31,Usage,"Amazon EKS usage, 2026-03",Amazon EKS,Compute,arn:aws:eks:arketing-0,1190.72,1400.85,1190.72,"{""department"": ""marketing""}"
focus-2026-03-eks-finance-it-0,AWS,AWS,123456789012,sub-finance-it,2026-03-01,2026-03-31,Usage,"Amazon EKS usage, 2026-03",Amazon EKS,Compute,arn:aws:eks:nance-it-0,880.23,1035.56,880.23,"{""department"": ""finance-it""}"
focus-2026-03-eks-security-0,AWS,AWS,123456789012,sub-security,2026-03-01,2026-03-31,Usage,"Amazon EKS usage, 2026-03",Amazon EKS,Compute,arn:aws:eks:security-0,833.42,980.49,833.42,"{""department"": ""security""}"
focus-2026-03-s3-engineering-0,AWS,AWS,123456789012,sub-engineering,2026-03-01,2026-03-31,Usage,"Amazon S3 usage, 2026-03",Amazon S3,Storage,arn:aws:s3:ineering-0,952.87,1121.02,952.87,"{""department"": ""engineering""}"
focus-2026-03-s3-engineering-1,AWS,AWS,123456789012,sub-engineering,2026-03-01,2026-03-31,Usage,"Amazon S3 usage, 2026-03",Amazon S3,Storage,arn:aws:s3:ineering-1,420.22,494.38,420.22,"{""department"": ""engineering""}"
focus-2026-03-s3-data-platform-0,AWS,AWS,123456789012,sub-data-platform,2026-03-01,2026-03-31,Usage,"Amazon S3 usage, 2026-03",Amazon S3,Storage,arn:aws:s3:platform-0,1381.36,1625.13,1381.36,"{""department"": ""data-platform""}"
focus-2026-03-s3-data-platform-1,AWS,AWS,123456789012,sub-data-platform,2026-03-01,2026-03-31,Usage,"Amazon S3 usage, 2026-03",Amazon S3,Storage,arn:aws:s3:platform-1,428.07,503.61,428.07,"{""department"": ""data-platform""}"
focus-2026-03-s3-marketing-0,AWS,AWS,123456789012,sub-marketing,2026-03-01,2026-03-31,Usage,"Amazon S3 usage, 2026-03",Amazon S3,Storage,arn:aws:s3:arketing-0,555.96,654.07,555.96,"{""department"": ""marketing""}"
focus-2026-03-s3-marketing-1,AWS,AWS,123456789012,sub-marketing,2026-03-01,2026-03-31,Usage,"Amazon S3 usage, 2026-03",Amazon S3,Storage,arn:aws:s3:arketing-1,422.11,496.6,422.11,"{""department"": ""marketing""}"
focus-2026-03-s3-finance-it-0,AWS,AWS,123456789012,sub-finance-it,2026-03-01,2026-03-31,Usage,"Amazon S3 usage, 2026-03",Amazon S3,Storage,arn:aws:s3:nance-it-0,368.42,433.44,368.42,"{""department"": ""finance-it""}"
focus-2026-03-s3-finance-it-1,AWS,AWS,123456789012,sub-finance-it,2026-03-01,2026-03-31,Usage,"Amazon S3 usage, 2026-03",Amazon S3,Storage,arn:aws:s3:nance-it-1,716.79,843.28,716.79,"{""department"": ""finance-it""}"
focus-2026-03-s3-security-0,AWS,AWS,123456789012,sub-security,2026-03-01,2026-03-31,Usage,"Amazon S3 usage, 2026-03",Amazon S3,Storage,arn:aws:s3:security-0,774.33,910.98,774.33,"{""department"": ""security""}"
focus-2026-03-s3-security-1,AWS,AWS,123456789012,sub-security,2026-03-01,2026-03-31,Usage,"Amazon S3 usage, 2026-03",Amazon S3,Storage,arn:aws:s3:security-1,381.27,448.55,381.27,"{""department"": ""security""}"
focus-2026-03-ebs-engineering-0,AWS,AWS,123456789012,sub-engineering,2026-03-01,2026-03-31,Usage,"Amazon EBS usage, 2026-03",Amazon EBS,Storage,arn:aws:ebs:ineering-0,371.71,437.31,371.71,"{""department"": ""engineering""}"
focus-2026-03-ebs-engineering-1,AWS,AWS,123456789012,sub-engineering,2026-03-01,2026-03-31,Usage,"Amazon EBS usage, 2026-03",Amazon EBS,Storage,arn:aws:ebs:ineering-1,268.53,315.92,268.53,"{""department"": ""engineering""}"
focus-2026-03-ebs-data-platform-0,AWS,AWS,123456789012,sub-data-platform,2026-03-01,2026-03-31,Usage,"Amazon EBS usage, 2026-03",Amazon EBS,Storage,arn:aws:ebs:platform-0,653.79,769.16,653.79,"{""department"": ""data-platform""}"
focus-2026-03-ebs-data-platform-1,AWS,AWS,123456789012,sub-data-platform,2026-03-01,2026-03-31,Usage,"Amazon EBS usage, 2026-03",Amazon EBS,Storage,arn:aws:ebs:platform-1,290.89,342.22,290.89,"{""department"": ""data-platform""}"
focus-2026-03-ebs-marketing-0,AWS,AWS,123456789012,sub-marketing,2026-03-01,2026-03-31,Usage,"Amazon EBS usage, 2026-03",Amazon EBS,Storage,arn:aws:ebs:arketing-0,496.05,583.59,496.05,"{""department"": ""marketing""}"
focus-2026-03-ebs-marketing-1,AWS,AWS,123456789012,sub-marketing,2026-03-01,2026-03-31,Usage,"Amazon EBS usage, 2026-03",Amazon EBS,Storage,arn:aws:ebs:arketing-1,560.81,659.78,560.81,"{""department"": ""marketing""}"
focus-2026-03-ebs-finance-it-0,AWS,AWS,123456789012,sub-finance-it,2026-03-01,2026-03-31,Usage,"Amazon EBS usage, 2026-03",Amazon EBS,Storage,arn:aws:ebs:nance-it-0,213.32,250.96,213.32,"{""department"": ""finance-it""}"
focus-2026-03-ebs-finance-it-1,AWS,AWS,123456789012,sub-finance-it,2026-03-01,2026-03-31,Usage,"Amazon EBS usage, 2026-03",Amazon EBS,Storage,arn:aws:ebs:nance-it-1,530.15,623.71,530.15,"{""department"": ""finance-it""}"
focus-2026-03-ebs-security-0,AWS,AWS,123456789012,sub-security,2026-03-01,2026-03-31,Usage,"Amazon EBS usage, 2026-03",Amazon EBS,Storage,arn:aws:ebs:security-0,429.22,504.96,429.22,"{""department"": ""security""}"
focus-2026-03-ebs-security-1,AWS,AWS,123456789012,sub-security,2026-03-01,2026-03-31,Usage,"Amazon EBS usage, 2026-03",Amazon EBS,Storage,arn:aws:ebs:security-1,824.08,969.51,824.08,"{""department"": ""security""}"
focus-2026-03-rds-engineering-0,AWS,AWS,123456789012,sub-engineering,2026-03-01,2026-03-31,Usage,"Amazon RDS usage, 2026-03",Amazon RDS,Databases,arn:aws:rds:ineering-0,797.63,938.39,797.63,"{""department"": ""engineering""}"
focus-2026-03-rds-engineering-1,AWS,AWS,123456789012,sub-engineering,2026-03-01,2026-03-31,Usage,"Amazon RDS usage, 2026-03",Amazon RDS,Databases,arn:aws:rds:ineering-1,2156.98,2537.62,2156.98,"{""department"": ""engineering""}"
focus-2026-03-rds-data-platform-0,AWS,AWS,123456789012,sub-data-platform,2026-03-01,2026-03-31,Usage,"Amazon RDS usage, 2026-03",Amazon RDS,Databases,arn:aws:rds:platform-0,2326.06,2736.54,2326.06,"{""department"": ""data-platform""}"
focus-2026-03-rds-data-platform-1,AWS,AWS,123456789012,sub-data-platform,2026-03-01,2026-03-31,Usage,"Amazon RDS usage, 2026-03",Amazon RDS,Databases,arn:aws:rds:platform-1,1778.11,2091.89,1778.11,"{""department"": ""data-platform""}"
focus-2026-03-rds-marketing-0,AWS,AWS,123456789012,sub-marketing,2026-03-01,2026-03-31,Usage,"Amazon RDS usage, 2026-03",Amazon RDS,Databases,arn:aws:rds:arketing-0,4041.58,4754.8,4041.58,"{""department"": ""marketing""}"
focus-2026-03-rds-marketing-1,AWS,AWS,123456789012,sub-marketing,2026-03-01,2026-03-31,Usage,"Amazon RDS usage, 2026-03",Amazon RDS,Databases,arn:aws:rds:arketing-1,1648.82,1939.79,1648.82,"{""department"": ""marketing""}"
focus-2026-03-rds-finance-it-0,AWS,AWS,123456789012,sub-finance-it,2026-03-01,2026-03-31,Usage,"Amazon RDS usage, 2026-03",Amazon RDS,Databases,arn:aws:rds:nance-it-0,1946.5,2290.0,1946.5,"{""department"": ""finance-it""}"
focus-2026-03-rds-finance-it-1,AWS,AWS,123456789012,sub-finance-it,2026-03-01,2026-03-31,Usage,"Amazon RDS usage, 2026-03",Amazon RDS,Databases,arn:aws:rds:nance-it-1,932.53,1097.09,932.53,"{""department"": ""finance-it""}"
focus-2026-03-rds-security-0,AWS,AWS,123456789012,sub-security,2026-03-01,2026-03-31,Usage,"Amazon RDS usage, 2026-03",Amazon RDS,Databases,arn:aws:rds:security-0,3668.84,4316.28,3668.84,"{""department"": ""security""}"
focus-2026-03-rds-security-1,AWS,AWS,123456789012,sub-security,2026-03-01,2026-03-31,Usage,"Amazon RDS usage, 2026-03",Amazon RDS,Databases,arn:aws:rds:security-1,2324.91,2735.19,2324.91,"{""department"": ""security""}"
focus-2026-03-redshift-engineering-0,AWS,AWS,123456789012,sub-engineering,2026-03-01,2026-03-31,Usage,"Amazon Redshift usage, 2026-03",Amazon Redshift,Analytics,arn:aws:redshift:ineering-0,2134.33,2510.98,2134.33,"{""department"": ""engineering""}"
focus-2026-03-redshift-data-platform-0,AWS,AWS,123456789012,sub-data-platform,2026-03-01,2026-03-31,Usage,"Amazon Redshift usage, 2026-03",Amazon Redshift,Analytics,arn:aws:redshift:platform-0,2354.11,2769.54,2354.11,"{""department"": ""data-platform""}"
focus-2026-03-redshift-marketing-0,AWS,AWS,123456789012,sub-marketing,2026-03-01,2026-03-31,Usage,"Amazon Redshift usage, 2026-03",Amazon Redshift,Analytics,arn:aws:redshift:arketing-0,1857.28,2185.04,1857.28,"{""department"": ""marketing""}"
focus-2026-03-redshift-finance-it-0,AWS,AWS,123456789012,sub-finance-it,2026-03-01,2026-03-31,Usage,"Amazon Redshift usage, 2026-03",Amazon Redshift,Analytics,arn:aws:redshift:nance-it-0,3803.51,4474.72,3803.51,"{""department"": ""finance-it""}"
focus-2026-03-redshift-security-0,AWS,AWS,123456789012,sub-security,2026-03-01,2026-03-31,Usage,"Amazon Redshift usage, 2026-03",Amazon Redshift,Analytics,arn:aws:redshift:security-0,3135.46,3688.78,3135.46,"{""department"": ""security""}"
focus-2026-03-cloudfront-engineering-0,AWS,AWS,123456789012,sub-engineering,2026-03-01,2026-03-31,Usage,"Amazon CloudFront usage, 2026-03",Amazon CloudFront,Networking,arn:aws:cloudfront:ineering-0,84.11,98.95,84.11,"{""department"": ""engineering""}"
focus-2026-03-cloudfront-data-platform-0,AWS,AWS,123456789012,sub-data-platform,2026-03-01,2026-03-31,Usage,"Amazon CloudFront usage, 2026-03",Amazon CloudFront,Networking,arn:aws:cloudfront:platform-0,210.22,247.32,210.22,"{""department"": ""data-platform""}"
focus-2026-03-cloudfront-marketing-0,AWS,AWS,123456789012,sub-marketing,2026-03-01,2026-03-31,Usage,"Amazon CloudFront usage, 2026-03",Amazon CloudFront,Networking,arn:aws:cloudfront:arketing-0,244.66,287.84,244.66,"{""department"": ""marketing""}"
focus-2026-03-cloudfront-finance-it-0,AWS,AWS,123456789012,sub-finance-it,2026-03-01,2026-03-31,Usage,"Amazon CloudFront usage, 2026-03",Amazon CloudFront,Networking,arn:aws:cloudfront:nance-it-0,623.44,733.46,623.44,"{""department"": ""finance-it""}"
focus-2026-03-cloudfront-security-0,AWS,AWS,123456789012,sub-security,2026-03-01,2026-03-31,Usage,"Amazon CloudFront usage, 2026-03",Amazon CloudFront,Networking,arn:aws:cloudfront:security-0,441.75,519.71,441.75,"{""department"": ""security""}"
focus-2026-03-datadog,AWS,Datadog,123456789012,sub-engineering,2026-03-01,2026-03-31,Usage,"Datadog Pro via AWS Marketplace, 2026-03",Datadog Pro,Marketplace Software,arn:aws:pro:03-datadog,2402.33,2402.33,2402.33,"{""department"": ""engineering""}"
focus-2026-03-snowflake,AWS,Snowflake,123456789012,sub-engineering,2026-03-01,2026-03-31,Usage,"Snowflake Capacity via AWS Marketplace, 2026-03",Snowflake Capacity,Marketplace Software,arn:aws:capacity:-snowflake,1571.23,1571.23,1571.23,"{""department"": ""engineering""}"
focus-2026-03-pagerduty,AWS,PagerDuty,123456789012,sub-engineering,2026-03-01,2026-03-31,Usage,"PagerDuty via AWS Marketplace, 2026-03",PagerDuty,Marketplace Software,arn:aws:pagerduty:-pagerduty,1697.98,1697.98,1697.98,"{""department"": ""engineering""}"
focus-2026-04-ec2-engineering-0,AWS,AWS,123456789012,sub-engineering,2026-04-01,2026-04-30,Usage,"Amazon EC2 usage, 2026-04",Amazon EC2,Compute,arn:aws:ec2:ineering-0,4300.8,5059.76,4300.8,"{""department"": ""engineering""}"
focus-2026-04-ec2-engineering-1,AWS,AWS,123456789012,sub-engineering,2026-04-01,2026-04-30,Usage,"Amazon EC2 usage, 2026-04",Amazon EC2,Compute,arn:aws:ec2:ineering-1,3081.47,3625.26,3081.47,"{""department"": ""engineering""}"
focus-2026-04-ec2-engineering-2,AWS,AWS,123456789012,sub-shared,2026-04-01,2026-04-30,Usage,"Amazon EC2 usage, 2026-04 (untagged resource)",Amazon EC2,Compute,arn:aws:ec2:ineering-2,2371.51,2790.01,2371.51,{}
focus-2026-04-ec2-data-platform-0,AWS,AWS,123456789012,sub-data-platform,2026-04-01,2026-04-30,Usage,"Amazon EC2 usage, 2026-04",Amazon EC2,Compute,arn:aws:ec2:platform-0,4710.08,5541.27,4710.08,"{""department"": ""data-platform""}"
focus-2026-04-ec2-data-platform-1,AWS,AWS,123456789012,sub-data-platform,2026-04-01,2026-04-30,Usage,"Amazon EC2 usage, 2026-04",Amazon EC2,Compute,arn:aws:ec2:platform-1,821.33,966.27,821.33,"{""department"": ""data-platform""}"
focus-2026-04-ec2-data-platform-2,AWS,AWS,123456789012,sub-data-platform,2026-04-01,2026-04-30,Usage,"Amazon EC2 usage, 2026-04",Amazon EC2,Compute,arn:aws:ec2:platform-2,2491.36,2931.01,2491.36,"{""department"": ""data-platform""}"
focus-2026-04-ec2-marketing-0,AWS,AWS,123456789012,sub-marketing,2026-04-01,2026-04-30,Usage,"Amazon EC2 usage, 2026-04",Amazon EC2,Compute,arn:aws:ec2:arketing-0,3773.5,4439.41,3773.5,"{""department"": ""marketing""}"
focus-2026-04-ec2-marketing-1,AWS,AWS,123456789012,sub-marketing,2026-04-01,2026-04-30,Usage,"Amazon EC2 usage, 2026-04",Amazon EC2,Compute,arn:aws:ec2:arketing-1,2408.04,2832.99,2408.04,"{""department"": ""marketing""}"
focus-2026-04-ec2-marketing-2,AWS,AWS,123456789012,sub-marketing,2026-04-01,2026-04-30,Usage,"Amazon EC2 usage, 2026-04",Amazon EC2,Compute,arn:aws:ec2:arketing-2,2534.25,2981.47,2534.25,"{""department"": ""marketing""}"
focus-2026-04-ec2-finance-it-0,AWS,AWS,123456789012,sub-finance-it,2026-04-01,2026-04-30,Usage,"Amazon EC2 usage, 2026-04",Amazon EC2,Compute,arn:aws:ec2:nance-it-0,4651.55,5472.41,4651.55,"{""department"": ""finance-it""}"
focus-2026-04-ec2-finance-it-1,AWS,AWS,123456789012,sub-finance-it,2026-04-01,2026-04-30,Usage,"Amazon EC2 usage, 2026-04",Amazon EC2,Compute,arn:aws:ec2:nance-it-1,4787.41,5632.25,4787.41,"{""department"": ""finance-it""}"
focus-2026-04-ec2-finance-it-2,AWS,AWS,123456789012,sub-finance-it,2026-04-01,2026-04-30,Usage,"Amazon EC2 usage, 2026-04",Amazon EC2,Compute,arn:aws:ec2:nance-it-2,2456.86,2890.42,2456.86,"{""department"": ""finance-it""}"
focus-2026-04-ec2-security-0,AWS,AWS,123456789012,sub-security,2026-04-01,2026-04-30,Usage,"Amazon EC2 usage, 2026-04",Amazon EC2,Compute,arn:aws:ec2:security-0,1714.29,2016.81,1714.29,"{""department"": ""security""}"
focus-2026-04-ec2-security-1,AWS,AWS,123456789012,sub-security,2026-04-01,2026-04-30,Usage,"Amazon EC2 usage, 2026-04",Amazon EC2,Compute,arn:aws:ec2:security-1,3400.76,4000.89,3400.76,"{""department"": ""security""}"
focus-2026-04-ec2-security-2,AWS,AWS,123456789012,sub-security,2026-04-01,2026-04-30,Usage,"Amazon EC2 usage, 2026-04",Amazon EC2,Compute,arn:aws:ec2:security-2,4201.73,4943.21,4201.73,"{""department"": ""security""}"
focus-2026-04-lambda-engineering-0,AWS,AWS,123456789012,sub-engineering,2026-04-01,2026-04-30,Usage,"AWS Lambda usage, 2026-04",AWS Lambda,Compute,arn:aws:lambda:ineering-0,145.98,171.74,145.98,"{""department"": ""engineering""}"
focus-2026-04-lambda-data-platform-0,AWS,AWS,123456789012,sub-data-platform,2026-04-01,2026-04-30,Usage,"AWS Lambda usage, 2026-04",AWS Lambda,Compute,arn:aws:lambda:platform-0,105.7,124.35,105.7,"{""department"": ""data-platform""}"
focus-2026-04-lambda-marketing-0,AWS,AWS,123456789012,sub-marketing,2026-04-01,2026-04-30,Usage,"AWS Lambda usage, 2026-04",AWS Lambda,Compute,arn:aws:lambda:arketing-0,317.47,373.49,317.47,"{""department"": ""marketing""}"
focus-2026-04-lambda-finance-it-0,AWS,AWS,123456789012,sub-finance-it,2026-04-01,2026-04-30,Usage,"AWS Lambda usage, 2026-04",AWS Lambda,Compute,arn:aws:lambda:nance-it-0,97.5,114.71,97.5,"{""department"": ""finance-it""}"
focus-2026-04-lambda-security-0,AWS,AWS,123456789012,sub-security,2026-04-01,2026-04-30,Usage,"AWS Lambda usage, 2026-04",AWS Lambda,Compute,arn:aws:lambda:security-0,366.13,430.74,366.13,"{""department"": ""security""}"
focus-2026-04-eks-engineering-0,AWS,AWS,123456789012,sub-shared,2026-04-01,2026-04-30,Usage,"Amazon EKS usage, 2026-04 (untagged resource)",Amazon EKS,Compute,arn:aws:eks:ineering-0,978.93,1151.68,978.93,{}
focus-2026-04-eks-data-platform-0,AWS,AWS,123456789012,sub-data-platform,2026-04-01,2026-04-30,Usage,"Amazon EKS usage, 2026-04",Amazon EKS,Compute,arn:aws:eks:platform-0,2025.42,2382.85,2025.42,"{""department"": ""data-platform""}"
focus-2026-04-eks-marketing-0,AWS,AWS,123456789012,sub-marketing,2026-04-01,2026-04-30,Usage,"Amazon EKS usage, 2026-04",Amazon EKS,Compute,arn:aws:eks:arketing-0,1232.85,1450.41,1232.85,"{""department"": ""marketing""}"
focus-2026-04-eks-finance-it-0,AWS,AWS,123456789012,sub-finance-it,2026-04-01,2026-04-30,Usage,"Amazon EKS usage, 2026-04",Amazon EKS,Compute,arn:aws:eks:nance-it-0,2302.96,2709.36,2302.96,"{""department"": ""finance-it""}"
focus-2026-04-eks-security-0,AWS,AWS,123456789012,sub-security,2026-04-01,2026-04-30,Usage,"Amazon EKS usage, 2026-04",Amazon EKS,Compute,arn:aws:eks:security-0,1358.21,1597.89,1358.21,"{""department"": ""security""}"
focus-2026-04-s3-engineering-0,AWS,AWS,123456789012,sub-engineering,2026-04-01,2026-04-30,Usage,"Amazon S3 usage, 2026-04",Amazon S3,Storage,arn:aws:s3:ineering-0,1105.41,1300.48,1105.41,"{""department"": ""engineering""}"
focus-2026-04-s3-engineering-1,AWS,AWS,123456789012,sub-engineering,2026-04-01,2026-04-30,Usage,"Amazon S3 usage, 2026-04",Amazon S3,Storage,arn:aws:s3:ineering-1,1181.2,1389.65,1181.2,"{""department"": ""engineering""}"
focus-2026-04-s3-data-platform-0,AWS,AWS,123456789012,sub-data-platform,2026-04-01,2026-04-30,Usage,"Amazon S3 usage, 2026-04",Amazon S3,Storage,arn:aws:s3:platform-0,1218.6,1433.65,1218.6,"{""department"": ""data-platform""}"
focus-2026-04-s3-data-platform-1,AWS,AWS,123456789012,sub-data-platform,2026-04-01,2026-04-30,Usage,"Amazon S3 usage, 2026-04",Amazon S3,Storage,arn:aws:s3:platform-1,1253.1,1474.24,1253.1,"{""department"": ""data-platform""}"
focus-2026-04-s3-marketing-0,AWS,AWS,123456789012,sub-marketing,2026-04-01,2026-04-30,Usage,"Amazon S3 usage, 2026-04",Amazon S3,Storage,arn:aws:s3:arketing-0,1276.59,1501.87,1276.59,"{""department"": ""marketing""}"
focus-2026-04-s3-marketing-1,AWS,AWS,123456789012,sub-marketing,2026-04-01,2026-04-30,Usage,"Amazon S3 usage, 2026-04",Amazon S3,Storage,arn:aws:s3:arketing-1,673.52,792.38,673.52,"{""department"": ""marketing""}"
focus-2026-04-s3-finance-it-0,AWS,AWS,123456789012,sub-finance-it,2026-04-01,2026-04-30,Usage,"Amazon S3 usage, 2026-04",Amazon S3,Storage,arn:aws:s3:nance-it-0,1391.39,1636.93,1391.39,"{""department"": ""finance-it""}"
focus-2026-04-s3-finance-it-1,AWS,AWS,123456789012,sub-finance-it,2026-04-01,2026-04-30,Usage,"Amazon S3 usage, 2026-04",Amazon S3,Storage,arn:aws:s3:nance-it-1,470.96,554.07,470.96,"{""department"": ""finance-it""}"
focus-2026-04-s3-security-0,AWS,AWS,123456789012,sub-security,2026-04-01,2026-04-30,Usage,"Amazon S3 usage, 2026-04",Amazon S3,Storage,arn:aws:s3:security-0,1325.84,1559.81,1325.84,"{""department"": ""security""}"
focus-2026-04-s3-security-1,AWS,AWS,123456789012,sub-security,2026-04-01,2026-04-30,Usage,"Amazon S3 usage, 2026-04",Amazon S3,Storage,arn:aws:s3:security-1,1229.03,1445.92,1229.03,"{""department"": ""security""}"
focus-2026-04-ebs-engineering-0,AWS,AWS,123456789012,sub-engineering,2026-04-01,2026-04-30,Usage,"Amazon EBS usage, 2026-04",Amazon EBS,Storage,arn:aws:ebs:ineering-0,173.21,203.78,173.21,"{""department"": ""engineering""}"
focus-2026-04-ebs-engineering-1,AWS,AWS,123456789012,sub-engineering,2026-04-01,2026-04-30,Usage,"Amazon EBS usage, 2026-04",Amazon EBS,Storage,arn:aws:ebs:ineering-1,272.9,321.06,272.9,"{""department"": ""engineering""}"
focus-2026-04-ebs-data-platform-0,AWS,AWS,123456789012,sub-data-platform,2026-04-01,2026-04-30,Usage,"Amazon EBS usage, 2026-04",Amazon EBS,Storage,arn:aws:ebs:platform-0,305.57,359.49,305.57,"{""department"": ""data-platform""}"
focus-2026-04-ebs-data-platform-1,AWS,AWS,123456789012,sub-data-platform,2026-04-01,2026-04-30,Usage,"Amazon EBS usage, 2026-04",Amazon EBS,Storage,arn:aws:ebs:platform-1,860.62,1012.49,860.62,"{""department"": ""data-platform""}"
focus-2026-04-ebs-marketing-0,AWS,AWS,123456789012,sub-marketing,2026-04-01,2026-04-30,Usage,"Amazon EBS usage, 2026-04",Amazon EBS,Storage,arn:aws:ebs:arketing-0,551.31,648.6,551.31,"{""department"": ""marketing""}"
focus-2026-04-ebs-marketing-1,AWS,AWS,123456789012,sub-marketing,2026-04-01,2026-04-30,Usage,"Amazon EBS usage, 2026-04",Amazon EBS,Storage,arn:aws:ebs:arketing-1,789.19,928.46,789.19,"{""department"": ""marketing""}"
focus-2026-04-ebs-finance-it-0,AWS,AWS,123456789012,sub-finance-it,2026-04-01,2026-04-30,Usage,"Amazon EBS usage, 2026-04",Amazon EBS,Storage,arn:aws:ebs:nance-it-0,710.41,835.78,710.41,"{""department"": ""finance-it""}"
focus-2026-04-ebs-finance-it-1,AWS,AWS,123456789012,sub-finance-it,2026-04-01,2026-04-30,Usage,"Amazon EBS usage, 2026-04",Amazon EBS,Storage,arn:aws:ebs:nance-it-1,557.34,655.69,557.34,"{""department"": ""finance-it""}"
focus-2026-04-ebs-security-0,AWS,AWS,123456789012,sub-shared,2026-04-01,2026-04-30,Usage,"Amazon EBS usage, 2026-04 (untagged resource)",Amazon EBS,Storage,arn:aws:ebs:security-0,679.9,799.88,679.9,{}
focus-2026-04-ebs-security-1,AWS,AWS,123456789012,sub-security,2026-04-01,2026-04-30,Usage,"Amazon EBS usage, 2026-04",Amazon EBS,Storage,arn:aws:ebs:security-1,528.41,621.66,528.41,"{""department"": ""security""}"
focus-2026-04-rds-engineering-0,AWS,AWS,123456789012,sub-engineering,2026-04-01,2026-04-30,Usage,"Amazon RDS usage, 2026-04",Amazon RDS,Databases,arn:aws:rds:ineering-0,2842.22,3343.79,2842.22,"{""department"": ""engineering""}"
focus-2026-04-rds-engineering-1,AWS,AWS,123456789012,sub-engineering,2026-04-01,2026-04-30,Usage,"Amazon RDS usage, 2026-04",Amazon RDS,Databases,arn:aws:rds:ineering-1,901.6,1060.71,901.6,"{""department"": ""engineering""}"
focus-2026-04-rds-data-platform-0,AWS,AWS,123456789012,sub-data-platform,2026-04-01,2026-04-30,Usage,"Amazon RDS usage, 2026-04",Amazon RDS,Databases,arn:aws:rds:platform-0,1852.23,2179.09,1852.23,"{""department"": ""data-platform""}"
focus-2026-04-rds-data-platform-1,AWS,AWS,123456789012,sub-data-platform,2026-04-01,2026-04-30,Usage,"Amazon RDS usage, 2026-04",Amazon RDS,Databases,arn:aws:rds:platform-1,3578.95,4210.53,3578.95,"{""department"": ""data-platform""}"
focus-2026-04-rds-marketing-0,AWS,AWS,123456789012,sub-marketing,2026-04-01,2026-04-30,Usage,"Amazon RDS usage, 2026-04",Amazon RDS,Databases,arn:aws:rds:arketing-0,3654.52,4299.44,3654.52,"{""department"": ""marketing""}"
focus-2026-04-rds-marketing-1,AWS,AWS,123456789012,sub-marketing,2026-04-01,2026-04-30,Usage,"Amazon RDS usage, 2026-04",Amazon RDS,Databases,arn:aws:rds:arketing-1,3102.86,3650.42,3102.86,"{""department"": ""marketing""}"
focus-2026-04-rds-finance-it-0,AWS,AWS,123456789012,sub-finance-it,2026-04-01,2026-04-30,Usage,"Amazon RDS usage, 2026-04",Amazon RDS,Databases,arn:aws:rds:nance-it-0,1511.43,1778.15,1511.43,"{""department"": ""finance-it""}"
focus-2026-04-rds-finance-it-1,AWS,AWS,123456789012,sub-finance-it,2026-04-01,2026-04-30,Usage,"Amazon RDS usage, 2026-04",Amazon RDS,Databases,arn:aws:rds:nance-it-1,3549.16,4175.48,3549.16,"{""department"": ""finance-it""}"
focus-2026-04-rds-security-0,AWS,AWS,123456789012,sub-security,2026-04-01,2026-04-30,Usage,"Amazon RDS usage, 2026-04",Amazon RDS,Databases,arn:aws:rds:security-0,809.25,952.06,809.25,"{""department"": ""security""}"
focus-2026-04-rds-security-1,AWS,AWS,123456789012,sub-security,2026-04-01,2026-04-30,Usage,"Amazon RDS usage, 2026-04",Amazon RDS,Databases,arn:aws:rds:security-1,1925.75,2265.59,1925.75,"{""department"": ""security""}"
focus-2026-04-redshift-engineering-0,AWS,AWS,123456789012,sub-engineering,2026-04-01,2026-04-30,Usage,"Amazon Redshift usage, 2026-04",Amazon Redshift,Analytics,arn:aws:redshift:ineering-0,4156.45,4889.94,4156.45,"{""department"": ""engineering""}"
focus-2026-04-redshift-data-platform-0,AWS,AWS,123456789012,sub-data-platform,2026-04-01,2026-04-30,Usage,"Amazon Redshift usage, 2026-04",Amazon Redshift,Analytics,arn:aws:redshift:platform-0,1185.81,1395.07,1185.81,"{""department"": ""data-platform""}"
focus-2026-04-redshift-marketing-0,AWS,AWS,123456789012,sub-marketing,2026-04-01,2026-04-30,Usage,"Amazon Redshift usage, 2026-04",Amazon Redshift,Analytics,arn:aws:redshift:arketing-0,3526.84,4149.22,3526.84,"{""department"": ""marketing""}"
focus-2026-04-redshift-finance-it-0,AWS,AWS,123456789012,sub-finance-it,2026-04-01,2026-04-30,Usage,"Amazon Redshift usage, 2026-04",Amazon Redshift,Analytics,arn:aws:redshift:nance-it-0,1943.52,2286.49,1943.52,"{""department"": ""finance-it""}"
focus-2026-04-redshift-security-0,AWS,AWS,123456789012,sub-security,2026-04-01,2026-04-30,Usage,"Amazon Redshift usage, 2026-04",Amazon Redshift,Analytics,arn:aws:redshift:security-0,2961.98,3484.68,2961.98,"{""department"": ""security""}"
focus-2026-04-cloudfront-engineering-0,AWS,AWS,123456789012,sub-engineering,2026-04-01,2026-04-30,Usage,"Amazon CloudFront usage, 2026-04",Amazon CloudFront,Networking,arn:aws:cloudfront:ineering-0,287.24,337.93,287.24,"{""department"": ""engineering""}"
focus-2026-04-cloudfront-data-platform-0,AWS,AWS,123456789012,sub-data-platform,2026-04-01,2026-04-30,Usage,"Amazon CloudFront usage, 2026-04",Amazon CloudFront,Networking,arn:aws:cloudfront:platform-0,601.72,707.91,601.72,"{""department"": ""data-platform""}"
focus-2026-04-cloudfront-marketing-0,AWS,AWS,123456789012,sub-marketing,2026-04-01,2026-04-30,Usage,"Amazon CloudFront usage, 2026-04",Amazon CloudFront,Networking,arn:aws:cloudfront:arketing-0,127.99,150.58,127.99,"{""department"": ""marketing""}"
focus-2026-04-cloudfront-finance-it-0,AWS,AWS,123456789012,sub-finance-it,2026-04-01,2026-04-30,Usage,"Amazon CloudFront usage, 2026-04",Amazon CloudFront,Networking,arn:aws:cloudfront:nance-it-0,157.45,185.24,157.45,"{""department"": ""finance-it""}"
focus-2026-04-cloudfront-security-0,AWS,AWS,123456789012,sub-security,2026-04-01,2026-04-30,Usage,"Amazon CloudFront usage, 2026-04",Amazon CloudFront,Networking,arn:aws:cloudfront:security-0,264.72,311.44,264.72,"{""department"": ""security""}"
focus-2026-04-datadog,AWS,Datadog,123456789012,sub-engineering,2026-04-01,2026-04-30,Usage,"Datadog Pro via AWS Marketplace, 2026-04",Datadog Pro,Marketplace Software,arn:aws:pro:04-datadog,1751.65,1751.65,1751.65,"{""department"": ""engineering""}"
focus-2026-04-snowflake,AWS,Snowflake,123456789012,sub-engineering,2026-04-01,2026-04-30,Usage,"Snowflake Capacity via AWS Marketplace, 2026-04",Snowflake Capacity,Marketplace Software,arn:aws:capacity:-snowflake,2604.61,2604.61,2604.61,"{""department"": ""engineering""}"
focus-2026-04-pagerduty,AWS,PagerDuty,123456789012,sub-engineering,2026-04-01,2026-04-30,Usage,"PagerDuty via AWS Marketplace, 2026-04",PagerDuty,Marketplace Software,arn:aws:pagerduty:-pagerduty,1940.85,1940.85,1940.85,"{""department"": ""engineering""}"
focus-2026-05-ec2-engineering-0,AWS,AWS,123456789012,sub-engineering,2026-05-01,2026-05-31,Usage,"Amazon EC2 usage, 2026-05",Amazon EC2,Compute,arn:aws:ec2:ineering-0,1188.59,1398.34,1188.59,"{""department"": ""engineering""}"
focus-2026-05-ec2-engineering-1,AWS,AWS,123456789012,sub-engineering,2026-05-01,2026-05-31,Usage,"Amazon EC2 usage, 2026-05",Amazon EC2,Compute,arn:aws:ec2:ineering-1,1564.96,1841.13,1564.96,"{""department"": ""engineering""}"
focus-2026-05-ec2-engineering-2,AWS,AWS,123456789012,sub-engineering,2026-05-01,2026-05-31,Usage,"Amazon EC2 usage, 2026-05",Amazon EC2,Compute,arn:aws:ec2:ineering-2,4594.68,5405.51,4594.68,"{""department"": ""engineering""}"
focus-2026-05-ec2-data-platform-0,AWS,AWS,123456789012,sub-data-platform,2026-05-01,2026-05-31,Usage,"Amazon EC2 usage, 2026-05",Amazon EC2,Compute,arn:aws:ec2:platform-0,1472.56,1732.42,1472.56,"{""department"": ""data-platform""}"
focus-2026-05-ec2-data-platform-1,AWS,AWS,123456789012,sub-data-platform,2026-05-01,2026-05-31,Usage,"Amazon EC2 usage, 2026-05",Amazon EC2,Compute,arn:aws:ec2:platform-1,3257.94,3832.87,3257.94,"{""department"": ""data-platform""}"
focus-2026-05-ec2-data-platform-2,AWS,AWS,123456789012,sub-data-platform,2026-05-01,2026-05-31,Usage,"Amazon EC2 usage, 2026-05",Amazon EC2,Compute,arn:aws:ec2:platform-2,4041.81,4755.07,4041.81,"{""department"": ""data-platform""}"
focus-2026-05-ec2-marketing-0,AWS,AWS,123456789012,sub-marketing,2026-05-01,2026-05-31,Usage,"Amazon EC2 usage, 2026-05",Amazon EC2,Compute,arn:aws:ec2:arketing-0,2857.48,3361.74,2857.48,"{""department"": ""marketing""}"
focus-2026-05-ec2-marketing-1,AWS,AWS,123456789012,sub-marketing,2026-05-01,2026-05-31,Usage,"Amazon EC2 usage, 2026-05",Amazon EC2,Compute,arn:aws:ec2:arketing-1,2558.03,3009.45,2558.03,"{""department"": ""marketing""}"
focus-2026-05-ec2-marketing-2,AWS,AWS,123456789012,sub-marketing,2026-05-01,2026-05-31,Usage,"Amazon EC2 usage, 2026-05",Amazon EC2,Compute,arn:aws:ec2:arketing-2,1268.32,1492.14,1268.32,"{""department"": ""marketing""}"
focus-2026-05-ec2-finance-it-0,AWS,AWS,123456789012,sub-finance-it,2026-05-01,2026-05-31,Usage,"Amazon EC2 usage, 2026-05",Amazon EC2,Compute,arn:aws:ec2:nance-it-0,2827.22,3326.14,2827.22,"{""department"": ""finance-it""}"
focus-2026-05-ec2-finance-it-1,AWS,AWS,123456789012,sub-finance-it,2026-05-01,2026-05-31,Usage,"Amazon EC2 usage, 2026-05",Amazon EC2,Compute,arn:aws:ec2:nance-it-1,1528.79,1798.58,1528.79,"{""department"": ""finance-it""}"
focus-2026-05-ec2-finance-it-2,AWS,AWS,123456789012,sub-finance-it,2026-05-01,2026-05-31,Usage,"Amazon EC2 usage, 2026-05",Amazon EC2,Compute,arn:aws:ec2:nance-it-2,4626.18,5442.56,4626.18,"{""department"": ""finance-it""}"
focus-2026-05-ec2-security-0,AWS,AWS,123456789012,sub-security,2026-05-01,2026-05-31,Usage,"Amazon EC2 usage, 2026-05",Amazon EC2,Compute,arn:aws:ec2:security-0,3220.6,3788.94,3220.6,"{""department"": ""security""}"
focus-2026-05-ec2-security-1,AWS,AWS,123456789012,sub-security,2026-05-01,2026-05-31,Usage,"Amazon EC2 usage, 2026-05",Amazon EC2,Compute,arn:aws:ec2:security-1,1083.32,1274.49,1083.32,"{""department"": ""security""}"
focus-2026-05-ec2-security-2,AWS,AWS,123456789012,sub-security,2026-05-01,2026-05-31,Usage,"Amazon EC2 usage, 2026-05",Amazon EC2,Compute,arn:aws:ec2:security-2,2894.73,3405.56,2894.73,"{""department"": ""security""}"
focus-2026-05-lambda-engineering-0,AWS,AWS,123456789012,sub-engineering,2026-05-01,2026-05-31,Usage,"AWS Lambda usage, 2026-05",AWS Lambda,Compute,arn:aws:lambda:ineering-0,160.13,188.39,160.13,"{""department"": ""engineering""}"
focus-2026-05-lambda-data-platform-0,AWS,AWS,123456789012,sub-data-platform,2026-05-01,2026-05-31,Usage,"AWS Lambda usage, 2026-05",AWS Lambda,Compute,arn:aws:lambda:platform-0,117.61,138.36,117.61,"{""department"": ""data-platform""}"
focus-2026-05-lambda-marketing-0,AWS,AWS,123456789012,sub-marketing,2026-05-01,2026-05-31,Usage,"AWS Lambda usage, 2026-05",AWS Lambda,Compute,arn:aws:lambda:arketing-0,352.4,414.59,352.4,"{""department"": ""marketing""}"
focus-2026-05-lambda-finance-it-0,AWS,AWS,123456789012,sub-finance-it,2026-05-01,2026-05-31,Usage,"AWS Lambda usage, 2026-05",AWS Lambda,Compute,arn:aws:lambda:nance-it-0,123.54,145.34,123.54,"{""department"": ""finance-it""}"
focus-2026-05-lambda-security-0,AWS,AWS,123456789012,sub-security,2026-05-01,2026-05-31,Usage,"AWS Lambda usage, 2026-05",AWS Lambda,Compute,arn:aws:lambda:security-0,192.95,227.0,192.95,"{""department"": ""security""}"
focus-2026-05-eks-engineering-0,AWS,AWS,123456789012,sub-engineering,2026-05-01,2026-05-31,Usage,"Amazon EKS usage, 2026-05",Amazon EKS,Compute,arn:aws:eks:ineering-0,1711.86,2013.95,1711.86,"{""department"": ""engineering""}"
focus-2026-05-eks-data-platform-0,AWS,AWS,123456789012,sub-data-platform,2026-05-01,2026-05-31,Usage,"Amazon EKS usage, 2026-05",Amazon EKS,Compute,arn:aws:eks:platform-0,1700.63,2000.74,1700.63,"{""department"": ""data-platform""}"
focus-2026-05-eks-marketing-0,AWS,AWS,123456789012,sub-marketing,2026-05-01,2026-05-31,Usage,"Amazon EKS usage, 2026-05",Amazon EKS,Compute,arn:aws:eks:arketing-0,1199.37,1411.02,1199.37,"{""department"": ""marketing""}"
focus-2026-05-eks-finance-it-0,AWS,AWS,123456789012,sub-finance-it,2026-05-01,2026-05-31,Usage,"Amazon EKS usage, 2026-05",Amazon EKS,Compute,arn:aws:eks:nance-it-0,1193.83,1404.51,1193.83,"{""department"": ""finance-it""}"
focus-2026-05-eks-security-0,AWS,AWS,123456789012,sub-security,2026-05-01,2026-05-31,Usage,"Amazon EKS usage, 2026-05",Amazon EKS,Compute,arn:aws:eks:security-0,965.73,1136.15,965.73,"{""department"": ""security""}"
focus-2026-05-s3-engineering-0,AWS,AWS,123456789012,sub-engineering,2026-05-01,2026-05-31,Usage,"Amazon S3 usage, 2026-05",Amazon S3,Storage,arn:aws:s3:ineering-0,1070.2,1259.06,1070.2,"{""department"": ""engineering""}"
focus-2026-05-s3-engineering-1,AWS,AWS,123456789012,sub-engineering,2026-05-01,2026-05-31,Usage,"Amazon S3 usage, 2026-05",Amazon S3,Storage,arn:aws:s3:ineering-1,673.07,791.85,673.07,"{""department"": ""engineering""}"
focus-2026-05-s3-data-platform-0,AWS,AWS,123456789012,sub-data-platform,2026-05-01,2026-05-31,Usage,"Amazon S3 usage, 2026-05",Amazon S3,Storage,arn:aws:s3:platform-0,962.69,1132.58,962.69,"{""department"": ""data-platform""}"
focus-2026-05-s3-data-platform-1,AWS,AWS,123456789012,sub-data-platform,2026-05-01,2026-05-31,Usage,"Amazon S3 usage, 2026-05",Amazon S3,Storage,arn:aws:s3:platform-1,1034.0,1216.47,1034.0,"{""department"": ""data-platform""}"
focus-2026-05-s3-marketing-0,AWS,AWS,123456789012,sub-shared,2026-05-01,2026-05-31,Usage,"Amazon S3 usage, 2026-05 (untagged resource)",Amazon S3,Storage,arn:aws:s3:arketing-0,579.87,682.2,579.87,{}
focus-2026-05-s3-marketing-1,AWS,AWS,123456789012,sub-marketing,2026-05-01,2026-05-31,Usage,"Amazon S3 usage, 2026-05",Amazon S3,Storage,arn:aws:s3:arketing-1,432.37,508.67,432.37,"{""department"": ""marketing""}"
focus-2026-05-s3-finance-it-0,AWS,AWS,123456789012,sub-finance-it,2026-05-01,2026-05-31,Usage,"Amazon S3 usage, 2026-05",Amazon S3,Storage,arn:aws:s3:nance-it-0,290.26,341.48,290.26,"{""department"": ""finance-it""}"
focus-2026-05-s3-finance-it-1,AWS,AWS,123456789012,sub-finance-it,2026-05-01,2026-05-31,Usage,"Amazon S3 usage, 2026-05",Amazon S3,Storage,arn:aws:s3:nance-it-1,447.08,525.98,447.08,"{""department"": ""finance-it""}"
focus-2026-05-s3-security-0,AWS,AWS,123456789012,sub-security,2026-05-01,2026-05-31,Usage,"Amazon S3 usage, 2026-05",Amazon S3,Storage,arn:aws:s3:security-0,504.56,593.6,504.56,"{""department"": ""security""}"
focus-2026-05-s3-security-1,AWS,AWS,123456789012,sub-security,2026-05-01,2026-05-31,Usage,"Amazon S3 usage, 2026-05",Amazon S3,Storage,arn:aws:s3:security-1,1137.36,1338.07,1137.36,"{""department"": ""security""}"
focus-2026-05-ebs-engineering-0,AWS,AWS,123456789012,sub-engineering,2026-05-01,2026-05-31,Usage,"Amazon EBS usage, 2026-05",Amazon EBS,Storage,arn:aws:ebs:ineering-0,644.95,758.76,644.95,"{""department"": ""engineering""}"
focus-2026-05-ebs-engineering-1,AWS,AWS,123456789012,sub-engineering,2026-05-01,2026-05-31,Usage,"Amazon EBS usage, 2026-05",Amazon EBS,Storage,arn:aws:ebs:ineering-1,262.23,308.51,262.23,"{""department"": ""engineering""}"
focus-2026-05-ebs-data-platform-0,AWS,AWS,123456789012,sub-data-platform,2026-05-01,2026-05-31,Usage,"Amazon EBS usage, 2026-05",Amazon EBS,Storage,arn:aws:ebs:platform-0,279.65,329.0,279.65,"{""department"": ""data-platform""}"
focus-2026-05-ebs-data-platform-1,AWS,AWS,123456789012,sub-data-platform,2026-05-01,2026-05-31,Usage,"Amazon EBS usage, 2026-05",Amazon EBS,Storage,arn:aws:ebs:platform-1,345.99,407.05,345.99,"{""department"": ""data-platform""}"
focus-2026-05-ebs-marketing-0,AWS,AWS,123456789012,sub-marketing,2026-05-01,2026-05-31,Usage,"Amazon EBS usage, 2026-05",Amazon EBS,Storage,arn:aws:ebs:arketing-0,598.57,704.2,598.57,"{""department"": ""marketing""}"
focus-2026-05-ebs-marketing-1,AWS,AWS,123456789012,sub-marketing,2026-05-01,2026-05-31,Usage,"Amazon EBS usage, 2026-05",Amazon EBS,Storage,arn:aws:ebs:arketing-1,147.37,173.38,147.37,"{""department"": ""marketing""}"
focus-2026-05-ebs-finance-it-0,AWS,AWS,123456789012,sub-finance-it,2026-05-01,2026-05-31,Usage,"Amazon EBS usage, 2026-05",Amazon EBS,Storage,arn:aws:ebs:nance-it-0,126.33,148.62,126.33,"{""department"": ""finance-it""}"
focus-2026-05-ebs-finance-it-1,AWS,AWS,123456789012,sub-finance-it,2026-05-01,2026-05-31,Usage,"Amazon EBS usage, 2026-05",Amazon EBS,Storage,arn:aws:ebs:nance-it-1,783.19,921.4,783.19,"{""department"": ""finance-it""}"
focus-2026-05-ebs-security-0,AWS,AWS,123456789012,sub-security,2026-05-01,2026-05-31,Usage,"Amazon EBS usage, 2026-05",Amazon EBS,Storage,arn:aws:ebs:security-0,509.43,599.33,509.43,"{""department"": ""security""}"
focus-2026-05-ebs-security-1,AWS,AWS,123456789012,sub-security,2026-05-01,2026-05-31,Usage,"Amazon EBS usage, 2026-05",Amazon EBS,Storage,arn:aws:ebs:security-1,801.71,943.19,801.71,"{""department"": ""security""}"
focus-2026-05-rds-engineering-0,AWS,AWS,123456789012,sub-engineering,2026-05-01,2026-05-31,Usage,"Amazon RDS usage, 2026-05",Amazon RDS,Databases,arn:aws:rds:ineering-0,761.2,895.53,761.2,"{""department"": ""engineering""}"
focus-2026-05-rds-engineering-1,AWS,AWS,123456789012,sub-engineering,2026-05-01,2026-05-31,Usage,"Amazon RDS usage, 2026-05",Amazon RDS,Databases,arn:aws:rds:ineering-1,729.82,858.61,729.82,"{""department"": ""engineering""}"
focus-2026-05-rds-data-platform-0,AWS,AWS,123456789012,sub-data-platform,2026-05-01,2026-05-31,Usage,"Amazon RDS usage, 2026-05",Amazon RDS,Databases,arn:aws:rds:platform-0,1379.76,1623.25,1379.76,"{""department"": ""data-platform""}"
focus-2026-05-rds-data-platform-1,AWS,AWS,123456789012,sub-data-platform,2026-05-01,2026-05-31,Usage,"Amazon RDS usage, 2026-05",Amazon RDS,Databases,arn:aws:rds:platform-1,1437.68,1691.39,1437.68,"{""department"": ""data-platform""}"
focus-2026-05-rds-marketing-0,AWS,AWS,123456789012,sub-marketing,2026-05-01,2026-05-31,Usage,"Amazon RDS usage, 2026-05",Amazon RDS,Databases,arn:aws:rds:arketing-0,2925.5,3441.76,2925.5,"{""department"": ""marketing""}"
focus-2026-05-rds-marketing-1,AWS,AWS,123456789012,sub-marketing,2026-05-01,2026-05-31,Usage,"Amazon RDS usage, 2026-05 (billed at list)",Amazon RDS,Databases,arn:aws:rds:arketing-1,4317.18,4317.18,3669.6,"{""department"": ""marketing""}"
focus-2026-05-rds-finance-it-0,AWS,AWS,123456789012,sub-finance-it,2026-05-01,2026-05-31,Usage,"Amazon RDS usage, 2026-05",Amazon RDS,Databases,arn:aws:rds:nance-it-0,3109.46,3658.19,3109.46,"{""department"": ""finance-it""}"
focus-2026-05-rds-finance-it-1,AWS,AWS,123456789012,sub-finance-it,2026-05-01,2026-05-31,Usage,"Amazon RDS usage, 2026-05",Amazon RDS,Databases,arn:aws:rds:nance-it-1,2655.82,3124.49,2655.82,"{""department"": ""finance-it""}"
focus-2026-05-rds-security-0,AWS,AWS,123456789012,sub-security,2026-05-01,2026-05-31,Usage,"Amazon RDS usage, 2026-05",Amazon RDS,Databases,arn:aws:rds:security-0,3430.55,4035.94,3430.55,"{""department"": ""security""}"
focus-2026-05-rds-security-1,AWS,AWS,123456789012,sub-security,2026-05-01,2026-05-31,Usage,"Amazon RDS usage, 2026-05",Amazon RDS,Databases,arn:aws:rds:security-1,1065.48,1253.51,1065.48,"{""department"": ""security""}"
focus-2026-05-redshift-engineering-0,AWS,AWS,123456789012,sub-engineering,2026-05-01,2026-05-31,Usage,"Amazon Redshift usage, 2026-05",Amazon Redshift,Analytics,arn:aws:redshift:ineering-0,1170.22,1376.73,1170.22,"{""department"": ""engineering""}"
focus-2026-05-redshift-data-platform-0,AWS,AWS,123456789012,sub-data-platform,2026-05-01,2026-05-31,Usage,"Amazon Redshift usage, 2026-05 (billed at list)",Amazon Redshift,Analytics,arn:aws:redshift:platform-0,2302.88,2302.88,1957.45,"{""department"": ""data-platform""}"
focus-2026-05-redshift-marketing-0,AWS,AWS,123456789012,sub-marketing,2026-05-01,2026-05-31,Usage,"Amazon Redshift usage, 2026-05",Amazon Redshift,Analytics,arn:aws:redshift:arketing-0,3558.69,4186.69,3558.69,"{""department"": ""marketing""}"
focus-2026-05-redshift-finance-it-0,AWS,AWS,123456789012,sub-finance-it,2026-05-01,2026-05-31,Usage,"Amazon Redshift usage, 2026-05",Amazon Redshift,Analytics,arn:aws:redshift:nance-it-0,2838.98,3339.98,2838.98,"{""department"": ""finance-it""}"
focus-2026-05-redshift-security-0,AWS,AWS,123456789012,sub-security,2026-05-01,2026-05-31,Usage,"Amazon Redshift usage, 2026-05",Amazon Redshift,Analytics,arn:aws:redshift:security-0,3474.28,4087.39,3474.28,"{""department"": ""security""}"
focus-2026-05-cloudfront-engineering-0,AWS,AWS,123456789012,sub-engineering,2026-05-01,2026-05-31,Usage,"Amazon CloudFront usage, 2026-05",Amazon CloudFront,Networking,arn:aws:cloudfront:ineering-0,507.52,597.08,507.52,"{""department"": ""engineering""}"
focus-2026-05-cloudfront-data-platform-0,AWS,AWS,123456789012,sub-data-platform,2026-05-01,2026-05-31,Usage,"Amazon CloudFront usage, 2026-05",Amazon CloudFront,Networking,arn:aws:cloudfront:platform-0,151.15,177.82,151.15,"{""department"": ""data-platform""}"
focus-2026-05-cloudfront-marketing-0,AWS,AWS,123456789012,sub-marketing,2026-05-01,2026-05-31,Usage,"Amazon CloudFront usage, 2026-05",Amazon CloudFront,Networking,arn:aws:cloudfront:arketing-0,116.81,137.42,116.81,"{""department"": ""marketing""}"
focus-2026-05-cloudfront-finance-it-0,AWS,AWS,123456789012,sub-finance-it,2026-05-01,2026-05-31,Usage,"Amazon CloudFront usage, 2026-05",Amazon CloudFront,Networking,arn:aws:cloudfront:nance-it-0,615.41,724.01,615.41,"{""department"": ""finance-it""}"
focus-2026-05-cloudfront-security-0,AWS,AWS,123456789012,sub-security,2026-05-01,2026-05-31,Usage,"Amazon CloudFront usage, 2026-05",Amazon CloudFront,Networking,arn:aws:cloudfront:security-0,225.31,265.07,225.31,"{""department"": ""security""}"
focus-2026-05-datadog,AWS,Datadog,123456789012,sub-engineering,2026-05-01,2026-05-31,Usage,"Datadog Pro via AWS Marketplace, 2026-05",Datadog Pro,Marketplace Software,arn:aws:pro:05-datadog,1645.9,1645.9,1645.9,"{""department"": ""engineering""}"
focus-2026-05-snowflake,AWS,Snowflake,123456789012,sub-engineering,2026-05-01,2026-05-31,Usage,"Snowflake Capacity via AWS Marketplace, 2026-05",Snowflake Capacity,Marketplace Software,arn:aws:capacity:-snowflake,2584.86,2584.86,2584.86,"{""department"": ""engineering""}"
focus-2026-05-pagerduty,AWS,PagerDuty,123456789012,sub-engineering,2026-05-01,2026-05-31,Usage,"PagerDuty via AWS Marketplace, 2026-05",PagerDuty,Marketplace Software,arn:aws:pagerduty:-pagerduty,1423.76,1423.76,1423.76,"{""department"": ""engineering""}"
focus-2026-06-ec2-engineering-0,AWS,AWS,123456789012,sub-engineering,2026-06-01,2026-06-30,Usage,"Amazon EC2 usage, 2026-06",Amazon EC2,Compute,arn:aws:ec2:ineering-0,1663.24,1956.75,1663.24,"{""department"": ""engineering""}"
focus-2026-06-ec2-engineering-1,AWS,AWS,123456789012,sub-engineering,2026-06-01,2026-06-30,Usage,"Amazon EC2 usage, 2026-06",Amazon EC2,Compute,arn:aws:ec2:ineering-1,4733.21,5568.48,4733.21,"{""department"": ""engineering""}"
focus-2026-06-ec2-engineering-2,AWS,AWS,123456789012,sub-engineering,2026-06-01,2026-06-30,Usage,"Amazon EC2 usage, 2026-06",Amazon EC2,Compute,arn:aws:ec2:ineering-2,1033.64,1216.05,1033.64,"{""department"": ""engineering""}"
focus-2026-06-ec2-data-platform-0,AWS,AWS,123456789012,sub-data-platform,2026-06-01,2026-06-30,Usage,"Amazon EC2 usage, 2026-06",Amazon EC2,Compute,arn:aws:ec2:platform-0,4329.46,5093.48,4329.46,"{""department"": ""data-platform""}"
focus-2026-06-ec2-data-platform-1,AWS,AWS,123456789012,sub-data-platform,2026-06-01,2026-06-30,Usage,"Amazon EC2 usage, 2026-06",Amazon EC2,Compute,arn:aws:ec2:platform-1,1102.74,1297.34,1102.74,"{""department"": ""data-platform""}"
focus-2026-06-ec2-data-platform-2,AWS,AWS,123456789012,sub-data-platform,2026-06-01,2026-06-30,Usage,"Amazon EC2 usage, 2026-06",Amazon EC2,Compute,arn:aws:ec2:platform-2,4057.1,4773.06,4057.1,"{""department"": ""data-platform""}"
focus-2026-06-ec2-marketing-0,AWS,AWS,123456789012,sub-marketing,2026-06-01,2026-06-30,Usage,"Amazon EC2 usage, 2026-06",Amazon EC2,Compute,arn:aws:ec2:arketing-0,452.41,532.25,452.41,"{""department"": ""marketing""}"
focus-2026-06-ec2-marketing-1,AWS,AWS,123456789012,sub-marketing,2026-06-01,2026-06-30,Usage,"Amazon EC2 usage, 2026-06",Amazon EC2,Compute,arn:aws:ec2:arketing-1,2969.32,3493.32,2969.32,"{""department"": ""marketing""}"
focus-2026-06-ec2-marketing-2,AWS,AWS,123456789012,sub-marketing,2026-06-01,2026-06-30,Usage,"Amazon EC2 usage, 2026-06",Amazon EC2,Compute,arn:aws:ec2:arketing-2,3328.91,3916.36,3328.91,"{""department"": ""marketing""}"
focus-2026-06-ec2-finance-it-0,AWS,AWS,123456789012,sub-finance-it,2026-06-01,2026-06-30,Usage,"Amazon EC2 usage, 2026-06",Amazon EC2,Compute,arn:aws:ec2:nance-it-0,4959.43,5834.62,4959.43,"{""department"": ""finance-it""}"
focus-2026-06-ec2-finance-it-1,AWS,AWS,123456789012,sub-finance-it,2026-06-01,2026-06-30,Usage,"Amazon EC2 usage, 2026-06",Amazon EC2,Compute,arn:aws:ec2:nance-it-1,607.43,714.62,607.43,"{""department"": ""finance-it""}"
focus-2026-06-ec2-finance-it-2,AWS,AWS,123456789012,sub-finance-it,2026-06-01,2026-06-30,Usage,"Amazon EC2 usage, 2026-06",Amazon EC2,Compute,arn:aws:ec2:nance-it-2,3716.67,4372.55,3716.67,"{""department"": ""finance-it""}"
focus-2026-06-ec2-security-0,AWS,AWS,123456789012,sub-security,2026-06-01,2026-06-30,Usage,"Amazon EC2 usage, 2026-06",Amazon EC2,Compute,arn:aws:ec2:security-0,4455.79,5242.11,4455.79,"{""department"": ""security""}"
focus-2026-06-ec2-security-1,AWS,AWS,123456789012,sub-security,2026-06-01,2026-06-30,Usage,"Amazon EC2 usage, 2026-06",Amazon EC2,Compute,arn:aws:ec2:security-1,1428.71,1680.84,1428.71,"{""department"": ""security""}"
focus-2026-06-ec2-security-2,AWS,AWS,123456789012,sub-security,2026-06-01,2026-06-30,Usage,"Amazon EC2 usage, 2026-06",Amazon EC2,Compute,arn:aws:ec2:security-2,4532.29,5332.11,4532.29,"{""department"": ""security""}"
focus-2026-06-lambda-engineering-0,AWS,AWS,123456789012,sub-engineering,2026-06-01,2026-06-30,Usage,"AWS Lambda usage, 2026-06",AWS Lambda,Compute,arn:aws:lambda:ineering-0,321.44,378.16,321.44,"{""department"": ""engineering""}"
focus-2026-06-lambda-data-platform-0,AWS,AWS,123456789012,sub-data-platform,2026-06-01,2026-06-30,Usage,"AWS Lambda usage, 2026-06",AWS Lambda,Compute,arn:aws:lambda:platform-0,354.68,417.27,354.68,"{""department"": ""data-platform""}"
focus-2026-06-lambda-marketing-0,AWS,AWS,123456789012,sub-marketing,2026-06-01,2026-06-30,Usage,"AWS Lambda usage, 2026-06",AWS Lambda,Compute,arn:aws:lambda:arketing-0,171.47,201.73,171.47,"{""department"": ""marketing""}"
focus-2026-06-lambda-finance-it-0,AWS,AWS,123456789012,sub-finance-it,2026-06-01,2026-06-30,Usage,"AWS Lambda usage, 2026-06",AWS Lambda,Compute,arn:aws:lambda:nance-it-0,242.06,284.78,242.06,"{""department"": ""finance-it""}"
focus-2026-06-lambda-security-0,AWS,AWS,123456789012,sub-security,2026-06-01,2026-06-30,Usage,"AWS Lambda usage, 2026-06",AWS Lambda,Compute,arn:aws:lambda:security-0,83.92,98.73,83.92,"{""department"": ""security""}"
focus-2026-06-eks-engineering-0,AWS,AWS,123456789012,sub-engineering,2026-06-01,2026-06-30,Usage,"Amazon EKS usage, 2026-06",Amazon EKS,Compute,arn:aws:eks:ineering-0,638.04,750.64,638.04,"{""department"": ""engineering""}"
focus-2026-06-eks-data-platform-0,AWS,AWS,123456789012,sub-data-platform,2026-06-01,2026-06-30,Usage,"Amazon EKS usage, 2026-06",Amazon EKS,Compute,arn:aws:eks:platform-0,641.49,754.69,641.49,"{""department"": ""data-platform""}"
focus-2026-06-eks-marketing-0,AWS,AWS,123456789012,sub-marketing,2026-06-01,2026-06-30,Usage,"Amazon EKS usage, 2026-06",Amazon EKS,Compute,arn:aws:eks:arketing-0,2200.33,2588.62,2200.33,"{""department"": ""marketing""}"
focus-2026-06-eks-finance-it-0,AWS,AWS,123456789012,sub-finance-it,2026-06-01,2026-06-30,Usage,"Amazon EKS usage, 2026-06",Amazon EKS,Compute,arn:aws:eks:nance-it-0,1151.67,1354.91,1151.67,"{""department"": ""finance-it""}"
focus-2026-06-eks-security-0,AWS,AWS,123456789012,sub-security,2026-06-01,2026-06-30,Usage,"Amazon EKS usage, 2026-06",Amazon EKS,Compute,arn:aws:eks:security-0,1708.41,2009.89,1708.41,"{""department"": ""security""}"
focus-2026-06-s3-engineering-0,AWS,AWS,123456789012,sub-engineering,2026-06-01,2026-06-30,Usage,"Amazon S3 usage, 2026-06 (billed at list)",Amazon S3,Storage,arn:aws:s3:ineering-0,1254.98,1254.98,1066.73,"{""department"": ""engineering""}"
focus-2026-06-s3-engineering-1,AWS,AWS,123456789012,sub-engineering,2026-06-01,2026-06-30,Usage,"Amazon S3 usage, 2026-06",Amazon S3,Storage,arn:aws:s3:ineering-1,277.24,326.16,277.24,"{""department"": ""engineering""}"
focus-2026-06-s3-data-platform-0,AWS,AWS,123456789012,sub-data-platform,2026-06-01,2026-06-30,Usage,"Amazon S3 usage, 2026-06",Amazon S3,Storage,arn:aws:s3:platform-0,827.12,973.08,827.12,"{""department"": ""data-platform""}"
focus-2026-06-s3-data-platform-1,AWS,AWS,123456789012,sub-data-platform,2026-06-01,2026-06-30,Usage,"Amazon S3 usage, 2026-06",Amazon S3,Storage,arn:aws:s3:platform-1,549.02,645.91,549.02,"{""department"": ""data-platform""}"
focus-2026-06-s3-marketing-0,AWS,AWS,123456789012,sub-marketing,2026-06-01,2026-06-30,Usage,"Amazon S3 usage, 2026-06",Amazon S3,Storage,arn:aws:s3:arketing-0,1084.88,1276.33,1084.88,"{""department"": ""marketing""}"
focus-2026-06-s3-marketing-1,AWS,AWS,123456789012,sub-marketing,2026-06-01,2026-06-30,Usage,"Amazon S3 usage, 2026-06",Amazon S3,Storage,arn:aws:s3:arketing-1,1263.0,1485.88,1263.0,"{""department"": ""marketing""}"
focus-2026-06-s3-finance-it-0,AWS,AWS,123456789012,sub-finance-it,2026-06-01,2026-06-30,Usage,"Amazon S3 usage, 2026-06",Amazon S3,Storage,arn:aws:s3:nance-it-0,1219.16,1434.31,1219.16,"{""department"": ""finance-it""}"
focus-2026-06-s3-finance-it-1,AWS,AWS,123456789012,sub-finance-it,2026-06-01,2026-06-30,Usage,"Amazon S3 usage, 2026-06",Amazon S3,Storage,arn:aws:s3:nance-it-1,163.31,192.13,163.31,"{""department"": ""finance-it""}"
focus-2026-06-s3-security-0,AWS,AWS,123456789012,sub-security,2026-06-01,2026-06-30,Usage,"Amazon S3 usage, 2026-06",Amazon S3,Storage,arn:aws:s3:security-0,181.38,213.39,181.38,"{""department"": ""security""}"
focus-2026-06-s3-security-1,AWS,AWS,123456789012,sub-security,2026-06-01,2026-06-30,Usage,"Amazon S3 usage, 2026-06",Amazon S3,Storage,arn:aws:s3:security-1,1337.2,1573.18,1337.2,"{""department"": ""security""}"
focus-2026-06-ebs-engineering-0,AWS,AWS,123456789012,sub-engineering,2026-06-01,2026-06-30,Usage,"Amazon EBS usage, 2026-06",Amazon EBS,Storage,arn:aws:ebs:ineering-0,329.02,387.08,329.02,"{""department"": ""engineering""}"
focus-2026-06-ebs-engineering-1,AWS,AWS,123456789012,sub-engineering,2026-06-01,2026-06-30,Usage,"Amazon EBS usage, 2026-06",Amazon EBS,Storage,arn:aws:ebs:ineering-1,672.14,790.75,672.14,"{""department"": ""engineering""}"
focus-2026-06-ebs-data-platform-0,AWS,AWS,123456789012,sub-data-platform,2026-06-01,2026-06-30,Usage,"Amazon EBS usage, 2026-06",Amazon EBS,Storage,arn:aws:ebs:platform-0,121.28,142.68,121.28,"{""department"": ""data-platform""}"
focus-2026-06-ebs-data-platform-1,AWS,AWS,123456789012,sub-data-platform,2026-06-01,2026-06-30,Usage,"Amazon EBS usage, 2026-06",Amazon EBS,Storage,arn:aws:ebs:platform-1,478.98,563.51,478.98,"{""department"": ""data-platform""}"
focus-2026-06-ebs-marketing-0,AWS,AWS,123456789012,sub-marketing,2026-06-01,2026-06-30,Usage,"Amazon EBS usage, 2026-06",Amazon EBS,Storage,arn:aws:ebs:arketing-0,440.45,518.18,440.45,"{""department"": ""marketing""}"
focus-2026-06-ebs-marketing-1,AWS,AWS,123456789012,sub-marketing,2026-06-01,2026-06-30,Usage,"Amazon EBS usage, 2026-06",Amazon EBS,Storage,arn:aws:ebs:arketing-1,808.69,951.4,808.69,"{""department"": ""marketing""}"
focus-2026-06-ebs-finance-it-0,AWS,AWS,123456789012,sub-finance-it,2026-06-01,2026-06-30,Usage,"Amazon EBS usage, 2026-06",Amazon EBS,Storage,arn:aws:ebs:nance-it-0,620.15,729.59,620.15,"{""department"": ""finance-it""}"
focus-2026-06-ebs-finance-it-1,AWS,AWS,123456789012,sub-finance-it,2026-06-01,2026-06-30,Usage,"Amazon EBS usage, 2026-06",Amazon EBS,Storage,arn:aws:ebs:nance-it-1,875.88,1030.45,875.88,"{""department"": ""finance-it""}"
focus-2026-06-ebs-security-0,AWS,AWS,123456789012,sub-security,2026-06-01,2026-06-30,Usage,"Amazon EBS usage, 2026-06",Amazon EBS,Storage,arn:aws:ebs:security-0,800.45,941.71,800.45,"{""department"": ""security""}"
focus-2026-06-ebs-security-1,AWS,AWS,123456789012,sub-security,2026-06-01,2026-06-30,Usage,"Amazon EBS usage, 2026-06",Amazon EBS,Storage,arn:aws:ebs:security-1,619.88,729.27,619.88,"{""department"": ""security""}"
focus-2026-06-rds-engineering-0,AWS,AWS,123456789012,sub-engineering,2026-06-01,2026-06-30,Usage,"Amazon RDS usage, 2026-06",Amazon RDS,Databases,arn:aws:rds:ineering-0,760.43,894.62,760.43,"{""department"": ""engineering""}"
focus-2026-06-rds-engineering-1,AWS,AWS,123456789012,sub-engineering,2026-06-01,2026-06-30,Usage,"Amazon RDS usage, 2026-06",Amazon RDS,Databases,arn:aws:rds:ineering-1,1592.44,1873.46,1592.44,"{""department"": ""engineering""}"
focus-2026-06-rds-data-platform-0,AWS,AWS,123456789012,sub-data-platform,2026-06-01,2026-06-30,Usage,"Amazon RDS usage, 2026-06",Amazon RDS,Databases,arn:aws:rds:platform-0,3230.74,3800.87,3230.74,"{""department"": ""data-platform""}"
focus-2026-06-rds-data-platform-1,AWS,AWS,123456789012,sub-data-platform,2026-06-01,2026-06-30,Usage,"Amazon RDS usage, 2026-06",Amazon RDS,Databases,arn:aws:rds:platform-1,900.69,1059.64,900.69,"{""department"": ""data-platform""}"
focus-2026-06-rds-marketing-0,AWS,AWS,123456789012,sub-marketing,2026-06-01,2026-06-30,Usage,"Amazon RDS usage, 2026-06",Amazon RDS,Databases,arn:aws:rds:arketing-0,806.59,948.93,806.59,"{""department"": ""marketing""}"
focus-2026-06-rds-marketing-1,AWS,AWS,123456789012,sub-marketing,2026-06-01,2026-06-30,Usage,"Amazon RDS usage, 2026-06",Amazon RDS,Databases,arn:aws:rds:arketing-1,2150.01,2529.42,2150.01,"{""department"": ""marketing""}"
focus-2026-06-rds-finance-it-0,AWS,AWS,123456789012,sub-finance-it,2026-06-01,2026-06-30,Usage,"Amazon RDS usage, 2026-06",Amazon RDS,Databases,arn:aws:rds:nance-it-0,2217.31,2608.6,2217.31,"{""department"": ""finance-it""}"
focus-2026-06-rds-finance-it-1,AWS,AWS,123456789012,sub-finance-it,2026-06-01,2026-06-30,Usage,"Amazon RDS usage, 2026-06",Amazon RDS,Databases,arn:aws:rds:nance-it-1,2117.6,2491.29,2117.6,"{""department"": ""finance-it""}"
focus-2026-06-rds-security-0,AWS,AWS,123456789012,sub-security,2026-06-01,2026-06-30,Usage,"Amazon RDS usage, 2026-06",Amazon RDS,Databases,arn:aws:rds:security-0,1630.35,1918.06,1630.35,"{""department"": ""security""}"
focus-2026-06-rds-security-1,AWS,AWS,123456789012,sub-security,2026-06-01,2026-06-30,Usage,"Amazon RDS usage, 2026-06",Amazon RDS,Databases,arn:aws:rds:security-1,1234.77,1452.67,1234.77,"{""department"": ""security""}"
focus-2026-06-redshift-engineering-0,AWS,AWS,123456789012,sub-engineering,2026-06-01,2026-06-30,Usage,"Amazon Redshift usage, 2026-06",Amazon Redshift,Analytics,arn:aws:redshift:ineering-0,2626.27,3089.73,2626.27,"{""department"": ""engineering""}"
focus-2026-06-redshift-data-platform-0,AWS,AWS,123456789012,sub-data-platform,2026-06-01,2026-06-30,Usage,"Amazon Redshift usage, 2026-06",Amazon Redshift,Analytics,arn:aws:redshift:platform-0,3272.06,3849.48,3272.06,"{""department"": ""data-platform""}"
focus-2026-06-redshift-marketing-0,AWS,AWS,123456789012,sub-marketing,2026-06-01,2026-06-30,Usage,"Amazon Redshift usage, 2026-06",Amazon Redshift,Analytics,arn:aws:redshift:arketing-0,3957.33,4655.68,3957.33,"{""department"": ""marketing""}"
focus-2026-06-redshift-finance-it-0,AWS,AWS,123456789012,sub-finance-it,2026-06-01,2026-06-30,Usage,"Amazon Redshift usage, 2026-06",Amazon Redshift,Analytics,arn:aws:redshift:nance-it-0,1780.63,2094.86,1780.63,"{""department"": ""finance-it""}"
focus-2026-06-redshift-security-0,AWS,AWS,123456789012,sub-security,2026-06-01,2026-06-30,Usage,"Amazon Redshift usage, 2026-06",Amazon Redshift,Analytics,arn:aws:redshift:security-0,4474.53,5264.15,4474.53,"{""department"": ""security""}"
focus-2026-06-cloudfront-engineering-0,AWS,AWS,123456789012,sub-engineering,2026-06-01,2026-06-30,Usage,"Amazon CloudFront usage, 2026-06",Amazon CloudFront,Networking,arn:aws:cloudfront:ineering-0,515.92,606.96,515.92,"{""department"": ""engineering""}"
focus-2026-06-cloudfront-data-platform-0,AWS,AWS,123456789012,sub-data-platform,2026-06-01,2026-06-30,Usage,"Amazon CloudFront usage, 2026-06",Amazon CloudFront,Networking,arn:aws:cloudfront:platform-0,650.94,765.81,650.94,"{""department"": ""data-platform""}"
focus-2026-06-cloudfront-marketing-0,AWS,AWS,123456789012,sub-marketing,2026-06-01,2026-06-30,Usage,"Amazon CloudFront usage, 2026-06",Amazon CloudFront,Networking,arn:aws:cloudfront:arketing-0,170.56,200.66,170.56,"{""department"": ""marketing""}"
focus-2026-06-cloudfront-finance-it-0,AWS,AWS,123456789012,sub-finance-it,2026-06-01,2026-06-30,Usage,"Amazon CloudFront usage, 2026-06",Amazon CloudFront,Networking,arn:aws:cloudfront:nance-it-0,137.61,161.89,137.61,"{""department"": ""finance-it""}"
focus-2026-06-cloudfront-security-0,AWS,AWS,123456789012,sub-security,2026-06-01,2026-06-30,Usage,"Amazon CloudFront usage, 2026-06",Amazon CloudFront,Networking,arn:aws:cloudfront:security-0,310.93,365.8,310.93,"{""department"": ""security""}"
focus-2026-06-datadog,AWS,Datadog,123456789012,sub-engineering,2026-06-01,2026-06-30,Usage,"Datadog Pro via AWS Marketplace, 2026-06",Datadog Pro,Marketplace Software,arn:aws:pro:06-datadog,1227.03,1227.03,1227.03,"{""department"": ""engineering""}"
focus-2026-06-snowflake,AWS,Snowflake,123456789012,sub-engineering,2026-06-01,2026-06-30,Usage,"Snowflake Capacity via AWS Marketplace, 2026-06",Snowflake Capacity,Marketplace Software,arn:aws:capacity:-snowflake,2370.83,2370.83,2370.83,"{""department"": ""engineering""}"
focus-2026-06-pagerduty,AWS,PagerDuty,123456789012,sub-engineering,2026-06-01,2026-06-30,Usage,"PagerDuty via AWS Marketplace, 2026-06",PagerDuty,Marketplace Software,arn:aws:pagerduty:-pagerduty,1200.88,1200.88,1200.88,"{""department"": ""engineering""}"
focus-2026-01-sp-upfront,AWS,AWS,123456789012,sub-engineering,2026-01-01,2026-01-31,Purchase,"Compute Savings Plan, 1yr all-upfront",AWS Savings Plan,Commitments,arn:aws:plan:sp-upfront,18000.0,18000.0,18000.0,"{""department"": ""engineering""}"
focus-2026-04-sp-upfront,AWS,AWS,123456789012,sub-engineering,2026-04-01,2026-04-30,Purchase,"Compute Savings Plan, 1yr all-upfront",AWS Savings Plan,Commitments,arn:aws:plan:sp-upfront,21000.0,21000.0,21000.0,"{""department"": ""engineering""}"
